subscribeId,mode,expected(ms),actual(ms),delay(ms)
3,EXECUTOR,1745555684912,1745555684915,3
5,EXECUTOR,1745555684913,1745555684915,2
1,EXECUTOR,1745555684907,1745555684915,8
2,EXECUTOR,1745555684911,1745555684915,4
6,EXECUTOR,1745555684914,1745555684917,3
7,EXECUTOR,1745555684915,1745555684917,2
8,EXECUTOR,1745555684915,1745555684917,2
10,EXECUTOR,1745555684916,1745555684917,1
9,EXECUTOR,1745555684916,1745555684917,1
4,EXECUTOR,1745555684913,1745555684917,4
12,EXECUTOR,1745555684917,1745555684930,13
14,EXECUTOR,1745555684918,1745555684930,12
11,EXECUTOR,1745555684917,1745555684930,13
13,EXECUTOR,1745555684918,1745555684930,12
16,EXECUTOR,1745555684919,1745555684930,11
15,EXECUTOR,1745555684919,1745555684930,11
18,EXECUTOR,1745555684920,1745555684930,10
17,EXECUTOR,1745555684920,1745555684930,10
20,EXECUTOR,1745555684921,1745555684930,9
19,EXECUTOR,1745555684921,1745555684930,9
22,EXECUTOR,1745555684922,1745555684930,8
21,EXECUTOR,1745555684922,1745555684930,8
24,EXECUTOR,1745555684923,1745555684930,7
27,EXECUTOR,1745555684924,1745555684930,6
23,EXECUTOR,1745555684923,1745555684930,7
25,EXECUTOR,1745555684924,1745555684930,6
26,EXECUTOR,1745555684924,1745555684930,6
29,EXECUTOR,1745555684925,1745555684930,5
30,EXECUTOR,1745555684926,1745555684930,4
28,EXECUTOR,1745555684925,1745555684930,5
31,EXECUTOR,1745555684926,1745555684930,4
33,EXECUTOR,1745555684927,1745555684930,3
32,EXECUTOR,1745555684927,1745555684930,3
34,EXECUTOR,1745555684928,1745555684930,2
35,EXECUTOR,1745555684928,1745555684930,2
38,EXECUTOR,1745555684929,1745555684930,1
37,EXECUTOR,1745555684929,1745555684930,1
36,EXECUTOR,1745555684929,1745555684930,1
40,EXECUTOR,1745555684930,1745555684930,0
39,EXECUTOR,1745555684930,1745555684930,0
44,EXECUTOR,1745555684932,1745555684946,14
41,EXECUTOR,1745555684931,1745555684946,15
42,EXECUTOR,1745555684931,1745555684946,15
45,EXECUTOR,1745555684933,1745555684946,13
43,EXECUTOR,1745555684932,1745555684946,14
46,EXECUTOR,1745555684933,1745555684946,13
47,EXECUTOR,1745555684933,1745555684946,13
51,EXECUTOR,1745555684934,1745555684946,12
48,EXECUTOR,1745555684934,1745555684946,12
49,EXECUTOR,1745555684934,1745555684946,12
50,EXECUTOR,1745555684934,1745555684946,12
53,EXECUTOR,1745555684935,1745555684946,11
52,EXECUTOR,1745555684935,1745555684946,11
56,EXECUTOR,1745555684936,1745555684946,10
55,EXECUTOR,1745555684936,1745555684946,10
54,EXECUTOR,1745555684936,1745555684946,10
57,EXECUTOR,1745555684937,1745555684946,9
58,EXECUTOR,1745555684937,1745555684946,9
59,EXECUTOR,1745555684937,1745555684946,9
63,EXECUTOR,1745555684938,1745555684946,8
60,EXECUTOR,1745555684938,1745555684946,8
61,EXECUTOR,1745555684938,1745555684946,8
65,EXECUTOR,1745555684939,1745555684946,7
62,EXECUTOR,1745555684938,1745555684946,8
64,EXECUTOR,1745555684939,1745555684946,7
66,EXECUTOR,1745555684940,1745555684946,6
67,EXECUTOR,1745555684940,1745555684946,6
68,EXECUTOR,1745555684941,1745555684946,5
69,EXECUTOR,1745555684941,1745555684946,5
70,EXECUTOR,1745555684941,1745555684946,5
71,EXECUTOR,1745555684942,1745555684946,4
72,EXECUTOR,1745555684942,1745555684946,4
73,EXECUTOR,1745555684942,1745555684946,4
75,EXECUTOR,1745555684943,1745555684946,3
76,EXECUTOR,1745555684943,1745555684946,3
74,EXECUTOR,1745555684942,1745555684946,4
77,EXECUTOR,1745555684943,1745555684946,3
78,EXECUTOR,1745555684943,1745555684946,3
81,EXECUTOR,1745555684944,1745555684946,2
80,EXECUTOR,1745555684944,1745555684946,2
79,EXECUTOR,1745555684944,1745555684946,2
82,EXECUTOR,1745555684945,1745555684946,1
83,EXECUTOR,1745555684945,1745555684946,1
84,EXECUTOR,1745555684945,1745555684946,1
85,EXECUTOR,1745555684945,1745555684946,1
89,EXECUTOR,1745555684946,1745555684946,0
86,EXECUTOR,1745555684946,1745555684947,1
87,EXECUTOR,1745555684946,1745555684947,1
88,EXECUTOR,1745555684946,1745555684947,1
92,EXECUTOR,1745555684947,1745555684947,0
90,EXECUTOR,1745555684947,1745555684947,0
91,EXECUTOR,1745555684947,1745555684961,14
95,EXECUTOR,1745555684948,1745555684961,13
93,EXECUTOR,1745555684948,1745555684961,13
94,EXECUTOR,1745555684948,1745555684961,13
99,EXECUTOR,1745555684949,1745555684961,12
96,EXECUTOR,1745555684949,1745555684961,12
97,EXECUTOR,1745555684949,1745555684961,12
98,EXECUTOR,1745555684949,1745555684961,12
100,EXECUTOR,1745555684950,1745555684961,11
101,EXECUTOR,1745555684950,1745555684961,11
102,EXECUTOR,1745555684950,1745555684961,11
103,EXECUTOR,1745555684951,1745555684961,10
104,EXECUTOR,1745555684951,1745555684961,10
105,EXECUTOR,1745555684951,1745555684961,10
106,EXECUTOR,1745555684952,1745555684961,9
112,EXECUTOR,1745555684953,1745555684962,9
107,EXECUTOR,1745555684952,1745555684962,10
108,EXECUTOR,1745555684952,1745555684962,10
109,EXECUTOR,1745555684953,1745555684962,9
110,EXECUTOR,1745555684953,1745555684962,9
111,EXECUTOR,1745555684953,1745555684962,9
116,EXECUTOR,1745555684954,1745555684962,8
114,EXECUTOR,1745555684954,1745555684962,8
115,EXECUTOR,1745555684954,1745555684962,8
113,EXECUTOR,1745555684954,1745555684962,8
117,EXECUTOR,1745555684955,1745555684962,7
118,EXECUTOR,1745555684955,1745555684962,7
119,EXECUTOR,1745555684956,1745555684962,6
120,EXECUTOR,1745555684956,1745555684962,6
122,EXECUTOR,1745555684956,1745555684962,6
121,EXECUTOR,1745555684956,1745555684962,6
126,EXECUTOR,1745555684957,1745555684962,5
123,EXECUTOR,1745555684957,1745555684962,5
124,EXECUTOR,1745555684957,1745555684962,5
129,EXECUTOR,1745555684958,1745555684962,4
127,EXECUTOR,1745555684958,1745555684962,4
125,EXECUTOR,1745555684957,1745555684962,5
128,EXECUTOR,1745555684958,1745555684962,4
130,EXECUTOR,1745555684959,1745555684962,3
131,EXECUTOR,1745555684959,1745555684962,3
132,EXECUTOR,1745555684959,1745555684962,3
133,EXECUTOR,1745555684960,1745555684962,2
134,EXECUTOR,1745555684960,1745555684962,2
135,EXECUTOR,1745555684960,1745555684962,2
136,EXECUTOR,1745555684960,1745555684962,2
137,EXECUTOR,1745555684961,1745555684962,1
138,EXECUTOR,1745555684961,1745555684962,1
139,EXECUTOR,1745555684961,1745555684962,1
140,EXECUTOR,1745555684961,1745555684962,1
141,EXECUTOR,1745555684962,1745555684962,0
146,EXECUTOR,1745555684962,1745555684962,0
142,EXECUTOR,1745555684962,1745555684962,0
143,EXECUTOR,1745555684962,1745555684977,15
145,EXECUTOR,1745555684962,1745555684977,15
148,EXECUTOR,1745555684963,1745555684977,14
151,EXECUTOR,1745555684963,1745555684977,14
147,EXECUTOR,1745555684963,1745555684977,14
144,EXECUTOR,1745555684962,1745555684977,15
149,EXECUTOR,1745555684963,1745555684977,14
150,EXECUTOR,1745555684963,1745555684977,14
152,EXECUTOR,1745555684964,1745555684977,13
156,EXECUTOR,1745555684964,1745555684977,13
155,EXECUTOR,1745555684964,1745555684977,13
153,EXECUTOR,1745555684964,1745555684977,13
154,EXECUTOR,1745555684964,1745555684977,13
159,EXECUTOR,1745555684965,1745555684977,12
157,EXECUTOR,1745555684965,1745555684977,12
160,EXECUTOR,1745555684966,1745555684977,11
158,EXECUTOR,1745555684965,1745555684977,12
161,EXECUTOR,1745555684966,1745555684977,11
162,EXECUTOR,1745555684966,1745555684977,11
165,EXECUTOR,1745555684967,1745555684977,10
166,EXECUTOR,1745555684967,1745555684977,10
163,EXECUTOR,1745555684966,1745555684977,11
164,EXECUTOR,1745555684967,1745555684977,10
167,EXECUTOR,1745555684967,1745555684977,10
168,EXECUTOR,1745555684968,1745555684977,9
169,EXECUTOR,1745555684968,1745555684977,9
174,EXECUTOR,1745555684969,1745555684977,8
171,EXECUTOR,1745555684969,1745555684977,8
172,EXECUTOR,1745555684969,1745555684977,8
170,EXECUTOR,1745555684968,1745555684977,9
173,EXECUTOR,1745555684969,1745555684977,8
176,EXECUTOR,1745555684970,1745555684977,7
175,EXECUTOR,1745555684970,1745555684977,7
177,EXECUTOR,1745555684970,1745555684977,7
178,EXECUTOR,1745555684970,1745555684977,7
179,EXECUTOR,1745555684971,1745555684977,6
180,EXECUTOR,1745555684971,1745555684977,6
181,EXECUTOR,1745555684971,1745555684977,6
182,EXECUTOR,1745555684971,1745555684977,6
183,EXECUTOR,1745555684971,1745555684977,6
184,EXECUTOR,1745555684971,1745555684977,6
186,EXECUTOR,1745555684972,1745555684977,5
185,EXECUTOR,1745555684972,1745555684977,5
187,EXECUTOR,1745555684972,1745555684977,5
188,EXECUTOR,1745555684972,1745555684977,5
189,EXECUTOR,1745555684972,1745555684977,5
190,EXECUTOR,1745555684972,1745555684977,5
191,EXECUTOR,1745555684973,1745555684977,4
194,EXECUTOR,1745555684974,1745555684978,4
195,EXECUTOR,1745555684974,1745555684978,4
193,EXECUTOR,1745555684974,1745555684978,4
192,EXECUTOR,1745555684973,1745555684977,4
199,EXECUTOR,1745555684975,1745555684978,3
196,EXECUTOR,1745555684975,1745555684978,3
197,EXECUTOR,1745555684975,1745555684978,3
198,EXECUTOR,1745555684975,1745555684978,3
200,EXECUTOR,1745555684976,1745555684978,2
203,EXECUTOR,1745555684976,1745555684978,2
201,EXECUTOR,1745555684976,1745555684978,2
202,EXECUTOR,1745555684976,1745555684978,2
204,EXECUTOR,1745555684977,1745555684978,1
205,EXECUTOR,1745555684977,1745555684978,1
206,EXECUTOR,1745555684977,1745555684978,1
207,EXECUTOR,1745555684977,1745555684978,1
208,EXECUTOR,1745555684978,1745555684978,0
203,PUBSUB,1745555684976,1745555684978,2
212,EXECUTOR,1745555684978,1745555684992,14
209,EXECUTOR,1745555684978,1745555684992,14
210,EXECUTOR,1745555684978,1745555684992,14
211,EXECUTOR,1745555684978,1745555684992,14
218,EXECUTOR,1745555684979,1745555684992,13
213,EXECUTOR,1745555684979,1745555684992,13
214,EXECUTOR,1745555684979,1745555684992,13
215,EXECUTOR,1745555684979,1745555684992,13
216,EXECUTOR,1745555684979,1745555684992,13
217,EXECUTOR,1745555684979,1745555684992,13
219,EXECUTOR,1745555684980,1745555684992,12
223,EXECUTOR,1745555684980,1745555684992,12
220,EXECUTOR,1745555684980,1745555684992,12
221,EXECUTOR,1745555684980,1745555684992,12
222,EXECUTOR,1745555684980,1745555684992,12
228,EXECUTOR,1745555684981,1745555684992,11
225,EXECUTOR,1745555684981,1745555684992,11
224,EXECUTOR,1745555684981,1745555684992,11
226,EXECUTOR,1745555684981,1745555684992,11
227,EXECUTOR,1745555684981,1745555684992,11
230,EXECUTOR,1745555684982,1745555684992,10
231,EXECUTOR,1745555684982,1745555684992,10
229,EXECUTOR,1745555684982,1745555684992,10
235,EXECUTOR,1745555684982,1745555684992,10
232,EXECUTOR,1745555684982,1745555684992,10
233,EXECUTOR,1745555684982,1745555684992,10
234,EXECUTOR,1745555684982,1745555684992,10
236,EXECUTOR,1745555684983,1745555684992,9
237,EXECUTOR,1745555684983,1745555684992,9
238,EXECUTOR,1745555684983,1745555684992,9
239,EXECUTOR,1745555684983,1745555684992,9
240,EXECUTOR,1745555684983,1745555684992,9
248,EXECUTOR,1745555684984,1745555684992,8
241,EXECUTOR,1745555684984,1745555684992,8
242,EXECUTOR,1745555684984,1745555684992,8
244,EXECUTOR,1745555684984,1745555684992,8
245,EXECUTOR,1745555684984,1745555684992,8
243,EXECUTOR,1745555684984,1745555684992,8
246,EXECUTOR,1745555684984,1745555684992,8
247,EXECUTOR,1745555684984,1745555684992,8
256,EXECUTOR,1745555684985,1745555684992,7
249,EXECUTOR,1745555684985,1745555684992,7
252,EXECUTOR,1745555684985,1745555684992,7
251,EXECUTOR,1745555684985,1745555684992,7
250,EXECUTOR,1745555684985,1745555684992,7
253,EXECUTOR,1745555684985,1745555684992,7
257,EXECUTOR,1745555684986,1745555684992,6
254,EXECUTOR,1745555684985,1745555684992,7
258,EXECUTOR,1745555684986,1745555684992,6
255,EXECUTOR,1745555684985,1745555684992,7
259,EXECUTOR,1745555684986,1745555684993,7
268,EXECUTOR,1745555684987,1745555684993,6
261,EXECUTOR,1745555684987,1745555684993,6
262,EXECUTOR,1745555684987,1745555684993,6
260,EXECUTOR,1745555684986,1745555684993,7
264,EXECUTOR,1745555684987,1745555684993,6
263,EXECUTOR,1745555684987,1745555684993,6
265,EXECUTOR,1745555684987,1745555684993,6
267,EXECUTOR,1745555684987,1745555684993,6
266,EXECUTOR,1745555684987,1745555684993,6
269,EXECUTOR,1745555684988,1745555684993,5
271,EXECUTOR,1745555684988,1745555684993,5
272,EXECUTOR,1745555684988,1745555684993,5
270,EXECUTOR,1745555684988,1745555684993,5
273,EXECUTOR,1745555684988,1745555684993,5
274,EXECUTOR,1745555684988,1745555684993,5
275,EXECUTOR,1745555684988,1745555684993,5
285,EXECUTOR,1745555684989,1745555684993,4
277,EXECUTOR,1745555684989,1745555684993,4
276,EXECUTOR,1745555684988,1745555684993,5
279,EXECUTOR,1745555684989,1745555684993,4
278,EXECUTOR,1745555684989,1745555684993,4
281,EXECUTOR,1745555684989,1745555684993,4
280,EXECUTOR,1745555684989,1745555684993,4
284,EXECUTOR,1745555684989,1745555684993,4
283,EXECUTOR,1745555684989,1745555684993,4
282,EXECUTOR,1745555684989,1745555684993,4
287,EXECUTOR,1745555684990,1745555684993,3
288,EXECUTOR,1745555684990,1745555684993,3
286,EXECUTOR,1745555684990,1745555684993,3
290,EXECUTOR,1745555684990,1745555684993,3
291,EXECUTOR,1745555684990,1745555684993,3
289,EXECUTOR,1745555684990,1745555684993,3
301,EXECUTOR,1745555684991,1745555684993,2
293,EXECUTOR,1745555684991,1745555684993,2
292,EXECUTOR,1745555684990,1745555684993,3
294,EXECUTOR,1745555684991,1745555684993,2
295,EXECUTOR,1745555684991,1745555684993,2
296,EXECUTOR,1745555684991,1745555684993,2
297,EXECUTOR,1745555684991,1745555684993,2
299,EXECUTOR,1745555684991,1745555684993,2
298,EXECUTOR,1745555684991,1745555684993,2
300,EXECUTOR,1745555684991,1745555684993,2
302,EXECUTOR,1745555684992,1745555684993,1
303,EXECUTOR,1745555684992,1745555684993,1
310,EXECUTOR,1745555684992,1745555684993,1
304,EXECUTOR,1745555684992,1745555684993,1
305,EXECUTOR,1745555684992,1745555684993,1
306,EXECUTOR,1745555684992,1745555684993,1
307,EXECUTOR,1745555684992,1745555684993,1
309,EXECUTOR,1745555684992,1745555684993,1
308,EXECUTOR,1745555684992,1745555684993,1
311,EXECUTOR,1745555684993,1745555684993,0
312,EXECUTOR,1745555684993,1745555684993,0
314,EXECUTOR,1745555684993,1745555684993,0
315,EXECUTOR,1745555684993,1745555684993,0
313,EXECUTOR,1745555684993,1745555684993,0
319,EXECUTOR,1745555684994,1745555685008,14
318,EXECUTOR,1745555684994,1745555685008,14
316,EXECUTOR,1745555684993,1745555685008,15
317,EXECUTOR,1745555684994,1745555685008,14
320,EXECUTOR,1745555684994,1745555685008,14
322,EXECUTOR,1745555684995,1745555685008,13
321,EXECUTOR,1745555684994,1745555685008,14
323,EXECUTOR,1745555684995,1745555685008,13
324,EXECUTOR,1745555684995,1745555685008,13
325,EXECUTOR,1745555684995,1745555685008,13
327,EXECUTOR,1745555684995,1745555685008,13
326,EXECUTOR,1745555684995,1745555685008,13
328,EXECUTOR,1745555684995,1745555685008,13
331,EXECUTOR,1745555684996,1745555685008,12
329,EXECUTOR,1745555684996,1745555685008,12
333,EXECUTOR,1745555684996,1745555685008,12
332,EXECUTOR,1745555684996,1745555685008,12
335,EXECUTOR,1745555684996,1745555685008,12
330,EXECUTOR,1745555684996,1745555685008,12
337,EXECUTOR,1745555684997,1745555685008,11
334,EXECUTOR,1745555684996,1745555685008,12
336,EXECUTOR,1745555684997,1745555685008,11
339,EXECUTOR,1745555684997,1745555685008,11
338,EXECUTOR,1745555684997,1745555685008,11
341,EXECUTOR,1745555684997,1745555685008,11
340,EXECUTOR,1745555684997,1745555685008,11
343,EXECUTOR,1745555684997,1745555685008,11
342,EXECUTOR,1745555684997,1745555685008,11
351,EXECUTOR,1745555684998,1745555685008,10
344,EXECUTOR,1745555684998,1745555685008,10
347,EXECUTOR,1745555684998,1745555685008,10
345,EXECUTOR,1745555684998,1745555685008,10
346,EXECUTOR,1745555684998,1745555685008,10
348,EXECUTOR,1745555684998,1745555685008,10
349,EXECUTOR,1745555684998,1745555685008,10
350,EXECUTOR,1745555684998,1745555685008,10
358,EXECUTOR,1745555684999,1745555685008,9
352,EXECUTOR,1745555684999,1745555685008,9
353,EXECUTOR,1745555684999,1745555685008,9
355,EXECUTOR,1745555684999,1745555685008,9
354,EXECUTOR,1745555684999,1745555685008,9
356,EXECUTOR,1745555684999,1745555685008,9
357,EXECUTOR,1745555684999,1745555685008,9
359,EXECUTOR,1745555685000,1745555685008,8
360,EXECUTOR,1745555685000,1745555685008,8
361,EXECUTOR,1745555685000,1745555685008,8
363,EXECUTOR,1745555685000,1745555685008,8
364,EXECUTOR,1745555685000,1745555685008,8
362,EXECUTOR,1745555685000,1745555685008,8
367,EXECUTOR,1745555685001,1745555685008,7
365,EXECUTOR,1745555685000,1745555685008,8
366,EXECUTOR,1745555685000,1745555685008,8
369,EXECUTOR,1745555685001,1745555685008,7
368,EXECUTOR,1745555685001,1745555685008,7
372,EXECUTOR,1745555685001,1745555685008,7
370,EXECUTOR,1745555685001,1745555685008,7
371,EXECUTOR,1745555685001,1745555685008,7
374,EXECUTOR,1745555685001,1745555685008,7
383,EXECUTOR,1745555685002,1745555685008,6
375,EXECUTOR,1745555685002,1745555685008,6
376,EXECUTOR,1745555685002,1745555685008,6
379,EXECUTOR,1745555685002,1745555685008,6
373,EXECUTOR,1745555685001,1745555685008,7
377,EXECUTOR,1745555685002,1745555685008,6
378,EXECUTOR,1745555685002,1745555685008,6
380,EXECUTOR,1745555685002,1745555685009,7
390,EXECUTOR,1745555685003,1745555685009,6
381,EXECUTOR,1745555685002,1745555685009,7
382,EXECUTOR,1745555685002,1745555685009,7
384,EXECUTOR,1745555685003,1745555685009,6
385,EXECUTOR,1745555685003,1745555685009,6
386,EXECUTOR,1745555685003,1745555685009,6
388,EXECUTOR,1745555685003,1745555685009,6
387,EXECUTOR,1745555685003,1745555685009,6
389,EXECUTOR,1745555685003,1745555685009,6
399,EXECUTOR,1745555685004,1745555685009,5
392,EXECUTOR,1745555685004,1745555685009,5
394,EXECUTOR,1745555685004,1745555685009,5
393,EXECUTOR,1745555685004,1745555685009,5
395,EXECUTOR,1745555685004,1745555685009,5
391,EXECUTOR,1745555685004,1745555685009,5
398,EXECUTOR,1745555685004,1745555685009,5
397,EXECUTOR,1745555685004,1745555685009,5
396,EXECUTOR,1745555685004,1745555685009,5
401,EXECUTOR,1745555685005,1745555685009,4
400,EXECUTOR,1745555685005,1745555685009,4
403,EXECUTOR,1745555685005,1745555685009,4
404,EXECUTOR,1745555685005,1745555685009,4
402,EXECUTOR,1745555685005,1745555685009,4
407,EXECUTOR,1745555685005,1745555685009,4
405,EXECUTOR,1745555685005,1745555685009,4
406,EXECUTOR,1745555685005,1745555685009,4
410,EXECUTOR,1745555685006,1745555685009,3
409,EXECUTOR,1745555685006,1745555685009,3
408,EXECUTOR,1745555685006,1745555685009,3
411,EXECUTOR,1745555685006,1745555685009,3
413,EXECUTOR,1745555685006,1745555685009,3
412,EXECUTOR,1745555685006,1745555685009,3
415,EXECUTOR,1745555685006,1745555685009,3
414,EXECUTOR,1745555685006,1745555685009,3
416,EXECUTOR,1745555685006,1745555685009,3
418,EXECUTOR,1745555685007,1745555685009,2
417,EXECUTOR,1745555685007,1745555685009,2
420,EXECUTOR,1745555685007,1745555685009,2
419,EXECUTOR,1745555685007,1745555685009,2
421,EXECUTOR,1745555685007,1745555685009,2
423,EXECUTOR,1745555685007,1745555685009,2
422,EXECUTOR,1745555685007,1745555685009,2
424,EXECUTOR,1745555685008,1745555685009,1
426,EXECUTOR,1745555685008,1745555685009,1
427,EXECUTOR,1745555685008,1745555685009,1
428,EXECUTOR,1745555685008,1745555685009,1
429,EXECUTOR,1745555685008,1745555685009,1
430,EXECUTOR,1745555685008,1745555685009,1
440,EXECUTOR,1745555685009,1745555685009,0
425,EXECUTOR,1745555685008,1745555685009,1
432,EXECUTOR,1745555685009,1745555685009,0
431,EXECUTOR,1745555685008,1745555685009,1
433,EXECUTOR,1745555685009,1745555685009,0
437,EXECUTOR,1745555685009,1745555685024,15
436,EXECUTOR,1745555685009,1745555685024,15
438,EXECUTOR,1745555685009,1745555685024,15
435,EXECUTOR,1745555685009,1745555685024,15
439,EXECUTOR,1745555685009,1745555685024,15
434,EXECUTOR,1745555685009,1745555685024,15
442,EXECUTOR,1745555685010,1745555685024,14
448,EXECUTOR,1745555685010,1745555685024,14
444,EXECUTOR,1745555685010,1745555685024,14
443,EXECUTOR,1745555685010,1745555685024,14
441,EXECUTOR,1745555685010,1745555685024,14
447,EXECUTOR,1745555685010,1745555685024,14
446,EXECUTOR,1745555685010,1745555685024,14
456,EXECUTOR,1745555685011,1745555685024,13
445,EXECUTOR,1745555685010,1745555685024,14
449,EXECUTOR,1745555685011,1745555685024,13
450,EXECUTOR,1745555685011,1745555685024,13
451,EXECUTOR,1745555685011,1745555685024,13
452,EXECUTOR,1745555685011,1745555685024,13
453,EXECUTOR,1745555685011,1745555685024,13
455,EXECUTOR,1745555685011,1745555685024,13
454,EXECUTOR,1745555685011,1745555685024,13
458,EXECUTOR,1745555685012,1745555685024,12
457,EXECUTOR,1745555685012,1745555685024,12
459,EXECUTOR,1745555685012,1745555685024,12
460,EXECUTOR,1745555685012,1745555685024,12
461,EXECUTOR,1745555685013,1745555685024,11
467,EXECUTOR,1745555685013,1745555685024,11
462,EXECUTOR,1745555685013,1745555685024,11
463,EXECUTOR,1745555685013,1745555685024,11
464,EXECUTOR,1745555685013,1745555685024,11
466,EXECUTOR,1745555685013,1745555685024,11
465,EXECUTOR,1745555685013,1745555685024,11
475,EXECUTOR,1745555685014,1745555685024,10
469,EXECUTOR,1745555685014,1745555685024,10
470,EXECUTOR,1745555685014,1745555685024,10
468,EXECUTOR,1745555685014,1745555685024,10
471,EXECUTOR,1745555685014,1745555685024,10
472,EXECUTOR,1745555685014,1745555685024,10
474,EXECUTOR,1745555685014,1745555685024,10
473,EXECUTOR,1745555685014,1745555685024,10
477,EXECUTOR,1745555685015,1745555685024,9
476,EXECUTOR,1745555685015,1745555685024,9
479,EXECUTOR,1745555685015,1745555685024,9
478,EXECUTOR,1745555685015,1745555685024,9
481,EXECUTOR,1745555685015,1745555685024,9
480,EXECUTOR,1745555685015,1745555685024,9
482,EXECUTOR,1745555685016,1745555685024,8
483,EXECUTOR,1745555685016,1745555685024,8
485,EXECUTOR,1745555685016,1745555685024,8
484,EXECUTOR,1745555685016,1745555685024,8
486,EXECUTOR,1745555685016,1745555685024,8
487,EXECUTOR,1745555685016,1745555685024,8
497,EXECUTOR,1745555685017,1745555685024,7
488,EXECUTOR,1745555685016,1745555685024,8
489,EXECUTOR,1745555685017,1745555685024,7
491,EXECUTOR,1745555685017,1745555685024,7
490,EXECUTOR,1745555685017,1745555685024,7
492,EXECUTOR,1745555685017,1745555685024,7
494,EXECUTOR,1745555685017,1745555685024,7
495,EXECUTOR,1745555685017,1745555685024,7
493,EXECUTOR,1745555685017,1745555685024,7
498,EXECUTOR,1745555685018,1745555685024,6
499,EXECUTOR,1745555685018,1745555685024,6
496,EXECUTOR,1745555685017,1745555685024,7
500,EXECUTOR,1745555685018,1745555685024,6
502,EXECUTOR,1745555685018,1745555685024,6
501,EXECUTOR,1745555685018,1745555685024,6
504,EXECUTOR,1745555685018,1745555685024,6
503,EXECUTOR,1745555685018,1745555685024,6
512,EXECUTOR,1745555685019,1745555685024,5
506,EXECUTOR,1745555685019,1745555685024,5
505,EXECUTOR,1745555685018,1745555685024,6
508,EXECUTOR,1745555685019,1745555685024,5
507,EXECUTOR,1745555685019,1745555685024,5
509,EXECUTOR,1745555685019,1745555685024,5
511,EXECUTOR,1745555685019,1745555685024,5
510,EXECUTOR,1745555685019,1745555685024,5
513,EXECUTOR,1745555685020,1745555685024,4
514,EXECUTOR,1745555685020,1745555685024,4
519,EXECUTOR,1745555685020,1745555685024,4
515,EXECUTOR,1745555685020,1745555685024,4
516,EXECUTOR,1745555685020,1745555685024,4
518,EXECUTOR,1745555685020,1745555685024,4
517,EXECUTOR,1745555685020,1745555685024,4
520,EXECUTOR,1745555685021,1745555685024,3
522,EXECUTOR,1745555685021,1745555685024,3
521,EXECUTOR,1745555685021,1745555685024,3
523,EXECUTOR,1745555685021,1745555685025,4
524,EXECUTOR,1745555685021,1745555685025,4
525,EXECUTOR,1745555685021,1745555685025,4
526,EXECUTOR,1745555685021,1745555685025,4
527,EXECUTOR,1745555685021,1745555685025,4
528,EXECUTOR,1745555685022,1745555685025,3
529,EXECUTOR,1745555685022,1745555685025,3
531,EXECUTOR,1745555685022,1745555685025,3
530,EXECUTOR,1745555685022,1745555685025,3
532,EXECUTOR,1745555685022,1745555685025,3
534,EXECUTOR,1745555685022,1745555685025,3
533,EXECUTOR,1745555685022,1745555685025,3
535,EXECUTOR,1745555685023,1745555685025,2
536,EXECUTOR,1745555685023,1745555685025,2
537,EXECUTOR,1745555685023,1745555685025,2
538,EXECUTOR,1745555685023,1745555685025,2
539,EXECUTOR,1745555685023,1745555685025,2
541,EXECUTOR,1745555685023,1745555685025,2
540,EXECUTOR,1745555685023,1745555685025,2
542,EXECUTOR,1745555685023,1745555685025,2
551,EXECUTOR,1745555685024,1745555685025,1
544,EXECUTOR,1745555685024,1745555685025,1
545,EXECUTOR,1745555685024,1745555685025,1
543,EXECUTOR,1745555685024,1745555685025,1
547,EXECUTOR,1745555685024,1745555685025,1
548,EXECUTOR,1745555685024,1745555685025,1
546,EXECUTOR,1745555685024,1745555685025,1
549,EXECUTOR,1745555685024,1745555685025,1
550,EXECUTOR,1745555685024,1745555685025,1
552,EXECUTOR,1745555685025,1745555685039,14
553,EXECUTOR,1745555685025,1745555685039,14
554,EXECUTOR,1745555685025,1745555685039,14
557,EXECUTOR,1745555685025,1745555685039,14
555,EXECUTOR,1745555685025,1745555685039,14
558,EXECUTOR,1745555685026,1745555685039,13
560,EXECUTOR,1745555685026,1745555685039,13
556,EXECUTOR,1745555685025,1745555685039,14
565,EXECUTOR,1745555685026,1745555685039,13
561,EXECUTOR,1745555685026,1745555685039,13
559,EXECUTOR,1745555685026,1745555685039,13
564,EXECUTOR,1745555685026,1745555685039,13
562,EXECUTOR,1745555685026,1745555685039,13
566,EXECUTOR,1745555685027,1745555685039,12
563,EXECUTOR,1745555685026,1745555685039,13
567,EXECUTOR,1745555685027,1745555685039,12
569,EXECUTOR,1745555685027,1745555685039,12
570,EXECUTOR,1745555685027,1745555685039,12
568,EXECUTOR,1745555685027,1745555685039,12
571,EXECUTOR,1745555685027,1745555685039,12
578,EXECUTOR,1745555685028,1745555685039,11
572,EXECUTOR,1745555685028,1745555685039,11
573,EXECUTOR,1745555685028,1745555685039,11
575,EXECUTOR,1745555685028,1745555685039,11
574,EXECUTOR,1745555685028,1745555685039,11
577,EXECUTOR,1745555685028,1745555685039,11
576,EXECUTOR,1745555685028,1745555685039,11
586,EXECUTOR,1745555685029,1745555685039,10
579,EXECUTOR,1745555685029,1745555685039,10
580,EXECUTOR,1745555685029,1745555685039,10
581,EXECUTOR,1745555685029,1745555685039,10
583,EXECUTOR,1745555685029,1745555685039,10
582,EXECUTOR,1745555685029,1745555685039,10
585,EXECUTOR,1745555685029,1745555685039,10
594,EXECUTOR,1745555685030,1745555685039,9
584,EXECUTOR,1745555685029,1745555685039,10
587,EXECUTOR,1745555685030,1745555685039,9
588,EXECUTOR,1745555685030,1745555685039,9
590,EXECUTOR,1745555685030,1745555685039,9
591,EXECUTOR,1745555685030,1745555685039,9
589,EXECUTOR,1745555685030,1745555685039,9
593,EXECUTOR,1745555685030,1745555685039,9
592,EXECUTOR,1745555685030,1745555685039,9
601,EXECUTOR,1745555685031,1745555685039,8
596,EXECUTOR,1745555685031,1745555685039,8
595,EXECUTOR,1745555685031,1745555685039,8
598,EXECUTOR,1745555685031,1745555685039,8
597,EXECUTOR,1745555685031,1745555685039,8
599,EXECUTOR,1745555685031,1745555685039,8
600,EXECUTOR,1745555685031,1745555685039,8
603,EXECUTOR,1745555685032,1745555685039,7
604,EXECUTOR,1745555685032,1745555685039,7
602,EXECUTOR,1745555685032,1745555685039,7
605,EXECUTOR,1745555685032,1745555685039,7
606,EXECUTOR,1745555685032,1745555685039,7
607,EXECUTOR,1745555685033,1745555685039,6
608,EXECUTOR,1745555685033,1745555685039,6
615,EXECUTOR,1745555685033,1745555685039,6
610,EXECUTOR,1745555685033,1745555685039,6
609,EXECUTOR,1745555685033,1745555685039,6
611,EXECUTOR,1745555685033,1745555685039,6
612,EXECUTOR,1745555685033,1745555685039,6
613,EXECUTOR,1745555685033,1745555685039,6
614,EXECUTOR,1745555685033,1745555685039,6
616,EXECUTOR,1745555685034,1745555685039,5
617,EXECUTOR,1745555685034,1745555685039,5
618,EXECUTOR,1745555685034,1745555685039,5
619,EXECUTOR,1745555685034,1745555685039,5
621,EXECUTOR,1745555685034,1745555685039,5
620,EXECUTOR,1745555685034,1745555685039,5
622,EXECUTOR,1745555685034,1745555685039,5
623,EXECUTOR,1745555685034,1745555685039,5
624,EXECUTOR,1745555685035,1745555685039,4
631,EXECUTOR,1745555685035,1745555685039,4
626,EXECUTOR,1745555685035,1745555685039,4
627,EXECUTOR,1745555685035,1745555685039,4
625,EXECUTOR,1745555685035,1745555685039,4
628,EXECUTOR,1745555685035,1745555685039,4
629,EXECUTOR,1745555685035,1745555685039,4
630,EXECUTOR,1745555685035,1745555685039,4
633,EXECUTOR,1745555685036,1745555685039,3
632,EXECUTOR,1745555685036,1745555685039,3
634,EXECUTOR,1745555685036,1745555685039,3
635,EXECUTOR,1745555685036,1745555685039,3
637,EXECUTOR,1745555685036,1745555685039,3
636,EXECUTOR,1745555685036,1745555685039,3
638,EXECUTOR,1745555685037,1745555685039,2
639,EXECUTOR,1745555685037,1745555685039,2
640,EXECUTOR,1745555685037,1745555685039,2
641,EXECUTOR,1745555685037,1745555685039,2
643,EXECUTOR,1745555685037,1745555685039,2
642,EXECUTOR,1745555685037,1745555685039,2
644,EXECUTOR,1745555685037,1745555685039,2
646,EXECUTOR,1745555685038,1745555685039,1
645,EXECUTOR,1745555685038,1745555685039,1
647,EXECUTOR,1745555685038,1745555685040,2
649,EXECUTOR,1745555685038,1745555685040,2
648,EXECUTOR,1745555685038,1745555685040,2
650,EXECUTOR,1745555685038,1745555685040,2
652,EXECUTOR,1745555685038,1745555685040,2
651,EXECUTOR,1745555685038,1745555685040,2
653,EXECUTOR,1745555685039,1745555685040,1
655,EXECUTOR,1745555685039,1745555685040,1
654,EXECUTOR,1745555685039,1745555685040,1
656,EXECUTOR,1745555685039,1745555685040,1
658,EXECUTOR,1745555685039,1745555685040,1
657,EXECUTOR,1745555685039,1745555685040,1
659,EXECUTOR,1745555685039,1745555685040,1
660,EXECUTOR,1745555685039,1745555685040,1
661,EXECUTOR,1745555685039,1745555685040,1
663,EXECUTOR,1745555685040,1745555685040,0
662,EXECUTOR,1745555685040,1745555685040,0
664,EXECUTOR,1745555685040,1745555685040,0
666,EXECUTOR,1745555685040,1745555685040,0
665,EXECUTOR,1745555685040,1745555685040,0
673,EXECUTOR,1745555685041,1745555685040,-1
669,EXECUTOR,1745555685041,1745555685054,13
667,EXECUTOR,1745555685040,1745555685054,14
668,EXECUTOR,1745555685040,1745555685054,14
670,EXECUTOR,1745555685041,1745555685054,13
671,EXECUTOR,1745555685041,1745555685054,13
672,EXECUTOR,1745555685041,1745555685054,13
674,EXECUTOR,1745555685042,1745555685054,12
676,EXECUTOR,1745555685042,1745555685054,12
675,EXECUTOR,1745555685042,1745555685054,12
677,EXECUTOR,1745555685042,1745555685054,12
678,EXECUTOR,1745555685042,1745555685054,12
679,EXECUTOR,1745555685042,1745555685054,12
680,EXECUTOR,1745555685042,1745555685054,12
681,EXECUTOR,1745555685042,1745555685054,12
682,EXECUTOR,1745555685042,1745555685054,12
684,EXECUTOR,1745555685043,1745555685054,11
683,EXECUTOR,1745555685043,1745555685054,11
686,EXECUTOR,1745555685043,1745555685054,11
685,EXECUTOR,1745555685043,1745555685054,11
687,EXECUTOR,1745555685043,1745555685054,11
688,EXECUTOR,1745555685043,1745555685054,11
689,EXECUTOR,1745555685043,1745555685054,11
690,EXECUTOR,1745555685043,1745555685054,11
692,EXECUTOR,1745555685044,1745555685054,10
691,EXECUTOR,1745555685044,1745555685054,10
695,EXECUTOR,1745555685044,1745555685054,10
694,EXECUTOR,1745555685044,1745555685054,10
697,EXECUTOR,1745555685044,1745555685054,10
693,EXECUTOR,1745555685044,1745555685054,10
696,EXECUTOR,1745555685044,1745555685054,10
698,EXECUTOR,1745555685045,1745555685054,9
704,EXECUTOR,1745555685045,1745555685054,9
699,EXECUTOR,1745555685045,1745555685054,9
700,EXECUTOR,1745555685045,1745555685054,9
701,EXECUTOR,1745555685045,1745555685054,9
702,EXECUTOR,1745555685045,1745555685054,9
703,EXECUTOR,1745555685045,1745555685054,9
705,EXECUTOR,1745555685046,1745555685054,8
707,EXECUTOR,1745555685046,1745555685054,8
706,EXECUTOR,1745555685046,1745555685054,8
709,EXECUTOR,1745555685046,1745555685054,8
708,EXECUTOR,1745555685046,1745555685054,8
710,EXECUTOR,1745555685046,1745555685054,8
711,EXECUTOR,1745555685047,1745555685054,7
713,EXECUTOR,1745555685047,1745555685054,7
714,EXECUTOR,1745555685047,1745555685054,7
712,EXECUTOR,1745555685047,1745555685054,7
715,EXECUTOR,1745555685047,1745555685054,7
716,EXECUTOR,1745555685047,1745555685054,7
719,EXECUTOR,1745555685047,1745555685054,7
717,EXECUTOR,1745555685047,1745555685054,7
718,EXECUTOR,1745555685047,1745555685054,7
720,EXECUTOR,1745555685048,1745555685054,6
721,EXECUTOR,1745555685048,1745555685054,6
726,EXECUTOR,1745555685048,1745555685054,6
722,EXECUTOR,1745555685048,1745555685054,6
724,EXECUTOR,1745555685048,1745555685054,6
723,EXECUTOR,1745555685048,1745555685054,6
734,EXECUTOR,1745555685049,1745555685054,5
727,EXECUTOR,1745555685049,1745555685054,5
725,EXECUTOR,1745555685048,1745555685054,6
728,EXECUTOR,1745555685049,1745555685054,5
729,EXECUTOR,1745555685049,1745555685054,5
731,EXECUTOR,1745555685049,1745555685054,5
730,EXECUTOR,1745555685049,1745555685054,5
733,EXECUTOR,1745555685049,1745555685054,5
732,EXECUTOR,1745555685049,1745555685054,5
742,EXECUTOR,1745555685050,1745555685054,4
735,EXECUTOR,1745555685050,1745555685054,4
736,EXECUTOR,1745555685050,1745555685054,4
737,EXECUTOR,1745555685050,1745555685054,4
739,EXECUTOR,1745555685050,1745555685054,4
738,EXECUTOR,1745555685050,1745555685054,4
740,EXECUTOR,1745555685050,1745555685055,5
741,EXECUTOR,1745555685050,1745555685055,5
751,EXECUTOR,1745555685051,1745555685055,4
743,EXECUTOR,1745555685051,1745555685055,4
744,EXECUTOR,1745555685051,1745555685055,4
745,EXECUTOR,1745555685051,1745555685055,4
746,EXECUTOR,1745555685051,1745555685055,4
748,EXECUTOR,1745555685051,1745555685055,4
749,EXECUTOR,1745555685051,1745555685055,4
747,EXECUTOR,1745555685051,1745555685055,4
752,EXECUTOR,1745555685052,1745555685055,3
750,EXECUTOR,1745555685051,1745555685055,4
753,EXECUTOR,1745555685052,1745555685055,3
755,EXECUTOR,1745555685052,1745555685055,3
756,EXECUTOR,1745555685052,1745555685055,3
754,EXECUTOR,1745555685052,1745555685055,3
758,EXECUTOR,1745555685052,1745555685055,3
757,EXECUTOR,1745555685052,1745555685055,3
759,EXECUTOR,1745555685052,1745555685055,3
760,EXECUTOR,1745555685053,1745555685055,2
761,EXECUTOR,1745555685053,1745555685055,2
767,EXECUTOR,1745555685053,1745555685055,2
762,EXECUTOR,1745555685053,1745555685055,2
763,EXECUTOR,1745555685053,1745555685055,2
764,EXECUTOR,1745555685053,1745555685055,2
766,EXECUTOR,1745555685053,1745555685055,2
765,EXECUTOR,1745555685053,1745555685055,2
769,EXECUTOR,1745555685054,1745555685055,1
768,EXECUTOR,1745555685054,1745555685055,1
770,EXECUTOR,1745555685054,1745555685055,1
771,EXECUTOR,1745555685054,1745555685055,1
772,EXECUTOR,1745555685054,1745555685055,1
773,EXECUTOR,1745555685054,1745555685055,1
774,EXECUTOR,1745555685054,1745555685055,1
784,EXECUTOR,1745555685055,1745555685055,0
775,EXECUTOR,1745555685054,1745555685055,1
776,EXECUTOR,1745555685055,1745555685055,0
778,EXECUTOR,1745555685055,1745555685055,0
779,EXECUTOR,1745555685055,1745555685055,0
777,EXECUTOR,1745555685055,1745555685055,0
780,EXECUTOR,1745555685055,1745555685055,0
781,EXECUTOR,1745555685055,1745555685055,0
782,EXECUTOR,1745555685055,1745555685069,14
785,EXECUTOR,1745555685056,1745555685069,13
786,EXECUTOR,1745555685056,1745555685069,13
788,EXECUTOR,1745555685056,1745555685069,13
783,EXECUTOR,1745555685055,1745555685069,14
787,EXECUTOR,1745555685056,1745555685069,13
790,EXECUTOR,1745555685056,1745555685069,13
789,EXECUTOR,1745555685056,1745555685069,13
792,EXECUTOR,1745555685057,1745555685069,12
791,EXECUTOR,1745555685056,1745555685069,13
800,EXECUTOR,1745555685057,1745555685069,12
793,EXECUTOR,1745555685057,1745555685069,12
794,EXECUTOR,1745555685057,1745555685069,12
796,EXECUTOR,1745555685057,1745555685069,12
797,EXECUTOR,1745555685057,1745555685069,12
795,EXECUTOR,1745555685057,1745555685069,12
798,EXECUTOR,1745555685057,1745555685069,12
799,EXECUTOR,1745555685057,1745555685069,12
802,EXECUTOR,1745555685058,1745555685069,11
803,EXECUTOR,1745555685058,1745555685069,11
801,EXECUTOR,1745555685058,1745555685069,11
804,EXECUTOR,1745555685058,1745555685069,11
805,EXECUTOR,1745555685058,1745555685069,11
806,EXECUTOR,1745555685059,1745555685069,10
814,EXECUTOR,1745555685059,1745555685069,10
809,EXECUTOR,1745555685059,1745555685069,10
807,EXECUTOR,1745555685059,1745555685069,10
811,EXECUTOR,1745555685059,1745555685069,10
808,EXECUTOR,1745555685059,1745555685069,10
810,EXECUTOR,1745555685059,1745555685069,10
812,EXECUTOR,1745555685059,1745555685069,10
813,EXECUTOR,1745555685059,1745555685069,10
822,EXECUTOR,1745555685060,1745555685069,9
816,EXECUTOR,1745555685060,1745555685069,9
815,EXECUTOR,1745555685060,1745555685069,9
817,EXECUTOR,1745555685060,1745555685069,9
819,EXECUTOR,1745555685060,1745555685069,9
818,EXECUTOR,1745555685060,1745555685069,9
821,EXECUTOR,1745555685060,1745555685069,9
820,EXECUTOR,1745555685060,1745555685069,9
829,EXECUTOR,1745555685061,1745555685069,8
823,EXECUTOR,1745555685061,1745555685069,8
824,EXECUTOR,1745555685061,1745555685069,8
826,EXECUTOR,1745555685061,1745555685069,8
825,EXECUTOR,1745555685061,1745555685069,8
827,EXECUTOR,1745555685061,1745555685069,8
828,EXECUTOR,1745555685061,1745555685069,8
830,EXECUTOR,1745555685062,1745555685069,7
832,EXECUTOR,1745555685062,1745555685069,7
831,EXECUTOR,1745555685062,1745555685069,7
833,EXECUTOR,1745555685062,1745555685069,7
835,EXECUTOR,1745555685062,1745555685069,7
834,EXECUTOR,1745555685062,1745555685069,7
845,EXECUTOR,1745555685063,1745555685069,6
837,EXECUTOR,1745555685063,1745555685069,6
836,EXECUTOR,1745555685062,1745555685069,7
839,EXECUTOR,1745555685063,1745555685069,6
838,EXECUTOR,1745555685063,1745555685069,6
841,EXECUTOR,1745555685063,1745555685069,6
840,EXECUTOR,1745555685063,1745555685069,6
843,EXECUTOR,1745555685063,1745555685069,6
844,EXECUTOR,1745555685063,1745555685069,6
842,EXECUTOR,1745555685063,1745555685069,6
853,EXECUTOR,1745555685064,1745555685069,5
846,EXECUTOR,1745555685064,1745555685069,5
847,EXECUTOR,1745555685064,1745555685069,5
849,EXECUTOR,1745555685064,1745555685069,5
850,EXECUTOR,1745555685064,1745555685069,5
852,EXECUTOR,1745555685064,1745555685069,5
848,EXECUTOR,1745555685064,1745555685069,5
854,EXECUTOR,1745555685065,1745555685069,4
851,EXECUTOR,1745555685064,1745555685069,5
856,EXECUTOR,1745555685065,1745555685069,4
855,EXECUTOR,1745555685065,1745555685069,4
857,EXECUTOR,1745555685065,1745555685069,4
858,EXECUTOR,1745555685065,1745555685069,4
859,EXECUTOR,1745555685065,1745555685069,4
860,EXECUTOR,1745555685066,1745555685069,3
862,EXECUTOR,1745555685066,1745555685069,3
861,EXECUTOR,1745555685066,1745555685069,3
864,EXECUTOR,1745555685066,1745555685069,3
863,EXECUTOR,1745555685066,1745555685069,3
865,EXECUTOR,1745555685066,1745555685069,3
867,EXECUTOR,1745555685066,1745555685069,3
868,EXECUTOR,1745555685066,1745555685069,3
866,EXECUTOR,1745555685066,1745555685069,3
869,EXECUTOR,1745555685067,1745555685069,2
870,EXECUTOR,1745555685067,1745555685069,2
872,EXECUTOR,1745555685067,1745555685069,2
871,EXECUTOR,1745555685067,1745555685069,2
873,EXECUTOR,1745555685067,1745555685069,2
874,EXECUTOR,1745555685067,1745555685069,2
875,EXECUTOR,1745555685067,1745555685069,2
876,EXECUTOR,1745555685067,1745555685069,2
877,EXECUTOR,1745555685068,1745555685069,1
878,EXECUTOR,1745555685068,1745555685069,1
879,EXECUTOR,1745555685068,1745555685069,1
880,EXECUTOR,1745555685068,1745555685069,1
882,EXECUTOR,1745555685068,1745555685069,1
881,EXECUTOR,1745555685068,1745555685069,1
883,EXECUTOR,1745555685068,1745555685069,1
886,EXECUTOR,1745555685068,1745555685069,1
887,EXECUTOR,1745555685069,1745555685070,1
885,EXECUTOR,1745555685068,1745555685070,2
888,EXECUTOR,1745555685069,1745555685070,1
884,EXECUTOR,1745555685068,1745555685070,2
889,EXECUTOR,1745555685069,1745555685070,1
891,EXECUTOR,1745555685069,1745555685070,1
892,EXECUTOR,1745555685069,1745555685070,1
890,EXECUTOR,1745555685069,1745555685070,1
893,EXECUTOR,1745555685069,1745555685070,1
894,EXECUTOR,1745555685070,1745555685070,0
895,EXECUTOR,1745555685070,1745555685070,0
897,EXECUTOR,1745555685070,1745555685070,0
896,EXECUTOR,1745555685070,1745555685070,0
899,EXECUTOR,1745555685070,1745555685084,14
900,EXECUTOR,1745555685070,1745555685084,14
901,EXECUTOR,1745555685070,1745555685084,14
898,EXECUTOR,1745555685070,1745555685084,14
902,EXECUTOR,1745555685070,1745555685084,14
904,EXECUTOR,1745555685071,1745555685084,13
905,EXECUTOR,1745555685071,1745555685084,13
903,EXECUTOR,1745555685071,1745555685084,13
906,EXECUTOR,1745555685071,1745555685084,13
907,EXECUTOR,1745555685071,1745555685084,13
908,EXECUTOR,1745555685071,1745555685084,13
910,EXECUTOR,1745555685071,1745555685084,13
909,EXECUTOR,1745555685071,1745555685084,13
911,EXECUTOR,1745555685071,1745555685084,13
920,EXECUTOR,1745555685072,1745555685084,12
913,EXECUTOR,1745555685072,1745555685084,12
912,EXECUTOR,1745555685072,1745555685084,12
914,EXECUTOR,1745555685072,1745555685084,12
915,EXECUTOR,1745555685072,1745555685084,12
916,EXECUTOR,1745555685072,1745555685084,12
918,EXECUTOR,1745555685072,1745555685084,12
917,EXECUTOR,1745555685072,1745555685084,12
921,EXECUTOR,1745555685073,1745555685084,11
922,EXECUTOR,1745555685073,1745555685084,11
919,EXECUTOR,1745555685072,1745555685084,12
924,EXECUTOR,1745555685073,1745555685084,11
923,EXECUTOR,1745555685073,1745555685084,11
925,EXECUTOR,1745555685073,1745555685084,11
926,EXECUTOR,1745555685073,1745555685084,11
927,EXECUTOR,1745555685073,1745555685084,11
928,EXECUTOR,1745555685074,1745555685084,10
930,EXECUTOR,1745555685074,1745555685084,10
931,EXECUTOR,1745555685074,1745555685084,10
929,EXECUTOR,1745555685074,1745555685084,10
932,EXECUTOR,1745555685074,1745555685084,10
933,EXECUTOR,1745555685074,1745555685084,10
934,EXECUTOR,1745555685074,1745555685084,10
935,EXECUTOR,1745555685074,1745555685084,10
944,EXECUTOR,1745555685075,1745555685084,9
936,EXECUTOR,1745555685075,1745555685084,9
937,EXECUTOR,1745555685075,1745555685084,9
938,EXECUTOR,1745555685075,1745555685084,9
940,EXECUTOR,1745555685075,1745555685084,9
939,EXECUTOR,1745555685075,1745555685084,9
942,EXECUTOR,1745555685075,1745555685084,9
941,EXECUTOR,1745555685075,1745555685084,9
943,EXECUTOR,1745555685075,1745555685084,9
945,EXECUTOR,1745555685076,1745555685084,8
947,EXECUTOR,1745555685076,1745555685084,8
946,EXECUTOR,1745555685076,1745555685084,8
948,EXECUTOR,1745555685076,1745555685084,8
950,EXECUTOR,1745555685076,1745555685084,8
951,EXECUTOR,1745555685076,1745555685084,8
952,EXECUTOR,1745555685076,1745555685084,8
949,EXECUTOR,1745555685076,1745555685084,8
954,EXECUTOR,1745555685077,1745555685084,7
953,EXECUTOR,1745555685077,1745555685084,7
957,EXECUTOR,1745555685077,1745555685084,7
955,EXECUTOR,1745555685077,1745555685084,7
958,EXECUTOR,1745555685077,1745555685084,7
956,EXECUTOR,1745555685077,1745555685084,7
959,EXECUTOR,1745555685077,1745555685084,7
960,EXECUTOR,1745555685077,1745555685084,7
967,EXECUTOR,1745555685078,1745555685084,6
961,EXECUTOR,1745555685078,1745555685084,6
963,EXECUTOR,1745555685078,1745555685084,6
964,EXECUTOR,1745555685078,1745555685084,6
962,EXECUTOR,1745555685078,1745555685084,6
966,EXECUTOR,1745555685078,1745555685084,6
976,EXECUTOR,1745555685079,1745555685084,5
965,EXECUTOR,1745555685078,1745555685084,6
969,EXECUTOR,1745555685079,1745555685084,5
968,EXECUTOR,1745555685079,1745555685084,5
970,EXECUTOR,1745555685079,1745555685084,5
971,EXECUTOR,1745555685079,1745555685084,5
973,EXECUTOR,1745555685079,1745555685084,5
972,EXECUTOR,1745555685079,1745555685084,5
974,EXECUTOR,1745555685079,1745555685084,5
975,EXECUTOR,1745555685079,1745555685084,5
984,EXECUTOR,1745555685080,1745555685084,4
978,EXECUTOR,1745555685080,1745555685084,4
977,EXECUTOR,1745555685080,1745555685084,4
980,EXECUTOR,1745555685080,1745555685084,4
979,EXECUTOR,1745555685080,1745555685084,4
981,EXECUTOR,1745555685080,1745555685084,4
982,EXECUTOR,1745555685080,1745555685084,4
983,EXECUTOR,1745555685080,1745555685084,4
992,EXECUTOR,1745555685081,1745555685084,3
986,EXECUTOR,1745555685081,1745555685084,3
985,EXECUTOR,1745555685081,1745555685084,3
987,EXECUTOR,1745555685081,1745555685084,3
989,EXECUTOR,1745555685081,1745555685084,3
990,EXECUTOR,1745555685081,1745555685084,3
988,EXECUTOR,1745555685081,1745555685084,3
991,EXECUTOR,1745555685081,1745555685084,3
993,EXECUTOR,1745555685082,1745555685084,2
999,EXECUTOR,1745555685082,1745555685084,2
994,EXECUTOR,1745555685082,1745555685084,2
995,EXECUTOR,1745555685082,1745555685084,2
997,EXECUTOR,1745555685082,1745555685084,2
996,EXECUTOR,1745555685082,1745555685084,2
998,EXECUTOR,1745555685082,1745555685084,2
1000,EXECUTOR,1745555685083,1745555685084,1
746,PUBSUB,1745555685051,1745555685087,36
939,PUBSUB,1745555685075,1745555685087,12
524,PUBSUB,1745555685021,1745555685087,66
273,PUBSUB,1745555684988,1745555685087,99
844,PUBSUB,1745555685063,1745555685088,25
67,PUBSUB,1745555684940,1745555685088,148
576,PUBSUB,1745555685028,1745555685088,60
251,PUBSUB,1745555684985,1745555685088,103
384,PUBSUB,1745555685003,1745555685088,85
757,PUBSUB,1745555685052,1745555685088,36
503,PUBSUB,1745555685018,1745555685088,70
164,PUBSUB,1745555684967,1745555685088,121
974,PUBSUB,1745555685079,1745555685088,9
133,PUBSUB,1745555684960,1745555685088,128
956,PUBSUB,1745555685077,1745555685089,12
551,PUBSUB,1745555685024,1745555685089,65
783,PUBSUB,1745555685055,1745555685089,34
572,PUBSUB,1745555685028,1745555685089,61
423,PUBSUB,1745555685007,1745555685089,82
735,PUBSUB,1745555685050,1745555685089,39
888,PUBSUB,1745555685069,1745555685094,25
600,PUBSUB,1745555685031,1745555685094,63
586,PUBSUB,1745555685029,1745555685094,65
430,PUBSUB,1745555685008,1745555685094,86
805,PUBSUB,1745555685058,1745555685094,36
198,PUBSUB,1745555684975,1745555685094,119
463,PUBSUB,1745555685013,1745555685094,81
828,PUBSUB,1745555685061,1745555685094,33
682,PUBSUB,1745555685042,1745555685094,52
160,PUBSUB,1745555684966,1745555685095,129
835,PUBSUB,1745555685062,1745555685095,33
574,PUBSUB,1745555685028,1745555685095,67
294,PUBSUB,1745555684991,1745555685095,104
936,PUBSUB,1745555685075,1745555685095,20
976,PUBSUB,1745555685079,1745555685095,16
659,PUBSUB,1745555685039,1745555685095,56
776,PUBSUB,1745555685055,1745555685095,40
935,PUBSUB,1745555685074,1745555685095,21
197,PUBSUB,1745555684975,1745555685095,120
860,PUBSUB,1745555685066,1745555685095,29
483,PUBSUB,1745555685016,1745555685095,79
163,PUBSUB,1745555684966,1745555685096,130
699,PUBSUB,1745555685045,1745555685096,51
268,PUBSUB,1745555684987,1745555685096,109
460,PUBSUB,1745555685012,1745555685096,84
320,PUBSUB,1745555684994,1745555685096,102
110,PUBSUB,1745555684953,1745555685096,143
150,PUBSUB,1745555684963,1745555685096,133
211,PUBSUB,1745555684978,1745555685096,118
307,PUBSUB,1745555684992,1745555685097,105
694,PUBSUB,1745555685044,1745555685097,53
482,PUBSUB,1745555685016,1745555685097,81
820,PUBSUB,1745555685060,1745555685097,37
848,PUBSUB,1745555685064,1745555685097,33
45,PUBSUB,1745555684933,1745555685097,164
845,PUBSUB,1745555685063,1745555685097,34
452,PUBSUB,1745555685011,1745555685097,86
111,PUBSUB,1745555684953,1745555685097,144
2,PUBSUB,1745555684911,1745555685098,187
708,PUBSUB,1745555685046,1745555685098,52
321,PUBSUB,1745555684994,1745555685098,104
799,PUBSUB,1745555685057,1745555685099,42
297,PUBSUB,1745555684991,1745555685099,108
60,PUBSUB,1745555684938,1745555685099,161
531,PUBSUB,1745555685022,1745555685099,77
287,PUBSUB,1745555684990,1745555685100,110
657,PUBSUB,1745555685039,1745555685100,61
119,PUBSUB,1745555684956,1745555685100,144
638,PUBSUB,1745555685037,1745555685100,63
758,PUBSUB,1745555685052,1745555685100,48
933,PUBSUB,1745555685074,1745555685100,26
328,PUBSUB,1745555684995,1745555685100,105
489,PUBSUB,1745555685017,1745555685100,83
367,PUBSUB,1745555685001,1745555685100,99
193,PUBSUB,1745555684974,1745555685101,127
425,PUBSUB,1745555685008,1745555685101,93
540,PUBSUB,1745555685023,1745555685101,78
587,PUBSUB,1745555685030,1745555685101,71
130,PUBSUB,1745555684959,1745555685101,142
370,PUBSUB,1745555685001,1745555685101,100
747,PUBSUB,1745555685051,1745555685102,51
617,PUBSUB,1745555685034,1745555685102,68
998,PUBSUB,1745555685082,1745555685102,20
135,PUBSUB,1745555684960,1745555685102,142
182,PUBSUB,1745555684971,1745555685102,131
331,PUBSUB,1745555684996,1745555685102,106
366,PUBSUB,1745555685000,1745555685102,102
696,PUBSUB,1745555685044,1745555685102,58
511,PUBSUB,1745555685019,1745555685102,83
598,PUBSUB,1745555685031,1745555685102,71
141,PUBSUB,1745555684962,1745555685103,141
325,PUBSUB,1745555684995,1745555685103,108
541,PUBSUB,1745555685023,1745555685103,80
787,PUBSUB,1745555685056,1745555685103,47
853,PUBSUB,1745555685064,1745555685103,39
342,PUBSUB,1745555684997,1745555685103,106
40,PUBSUB,1745555684930,1745555685103,173
897,PUBSUB,1745555685070,1745555685104,34
29,PUBSUB,1745555684925,1745555685104,179
548,PUBSUB,1745555685024,1745555685104,80
808,PUBSUB,1745555685059,1745555685104,45
995,PUBSUB,1745555685082,1745555685104,22
5,PUBSUB,1745555684913,1745555685104,191
630,PUBSUB,1745555685035,1745555685104,69
978,PUBSUB,1745555685080,1745555685105,25
720,PUBSUB,1745555685048,1745555685105,57
230,PUBSUB,1745555684982,1745555685105,123
403,PUBSUB,1745555685005,1745555685105,100
50,PUBSUB,1745555684934,1745555685105,171
19,PUBSUB,1745555684921,1745555685105,184
91,PUBSUB,1745555684947,1745555685105,158
868,PUBSUB,1745555685066,1745555685105,39
290,PUBSUB,1745555684990,1745555685105,115
534,PUBSUB,1745555685022,1745555685105,83
37,PUBSUB,1745555684929,1745555685106,177
71,PUBSUB,1745555684942,1745555685106,164
383,PUBSUB,1745555685002,1745555685106,104
765,PUBSUB,1745555685053,1745555685106,53
861,PUBSUB,1745555685066,1745555685106,40
244,PUBSUB,1745555684984,1745555685106,122
451,PUBSUB,1745555685011,1745555685106,95
183,PUBSUB,1745555684971,1745555685106,135
17,PUBSUB,1745555684920,1745555685107,187
907,PUBSUB,1745555685071,1745555685107,36
485,PUBSUB,1745555685016,1745555685107,91
571,PUBSUB,1745555685027,1745555685107,80
920,PUBSUB,1745555685072,1745555685107,35
733,PUBSUB,1745555685049,1745555685107,58
997,PUBSUB,1745555685082,1745555685108,26
95,PUBSUB,1745555684948,1745555685108,160
100,PUBSUB,1745555684950,1745555685108,158
189,PUBSUB,1745555684972,1745555685108,136
124,PUBSUB,1745555684957,1745555685108,151
248,PUBSUB,1745555684984,1745555685108,124
293,PUBSUB,1745555684991,1745555685109,118
406,PUBSUB,1745555685005,1745555685109,104
498,PUBSUB,1745555685018,1745555685109,91
986,PUBSUB,1745555685081,1745555685109,28
48,PUBSUB,1745555684934,1745555685109,175
658,PUBSUB,1745555685039,1745555685109,70
963,PUBSUB,1745555685078,1745555685109,31
988,PUBSUB,1745555685081,1745555685109,28
469,PUBSUB,1745555685014,1745555685109,95
614,PUBSUB,1745555685033,1745555685109,76
453,PUBSUB,1745555685011,1745555685109,98
288,PUBSUB,1745555684990,1745555685109,119
343,PUBSUB,1745555684997,1745555685109,112
651,PUBSUB,1745555685038,1745555685109,71
569,PUBSUB,1745555685027,1745555685109,82
117,PUBSUB,1745555684955,1745555685110,155
968,PUBSUB,1745555685079,1745555685110,31
702,PUBSUB,1745555685045,1745555685110,65
7,PUBSUB,1745555684915,1745555685110,195
948,PUBSUB,1745555685076,1745555685110,34
303,PUBSUB,1745555684992,1745555685110,118
752,PUBSUB,1745555685052,1745555685110,58
631,PUBSUB,1745555685035,1745555685110,75
324,PUBSUB,1745555684995,1745555685110,115
674,PUBSUB,1745555685042,1745555685110,68
428,PUBSUB,1745555685008,1745555685110,102
676,PUBSUB,1745555685042,1745555685110,68
620,PUBSUB,1745555685034,1745555685110,76
655,PUBSUB,1745555685039,1745555685110,71
626,PUBSUB,1745555685035,1745555685110,75
455,PUBSUB,1745555685011,1745555685110,99
646,PUBSUB,1745555685038,1745555685111,73
81,PUBSUB,1745555684944,1745555685111,167
647,PUBSUB,1745555685038,1745555685111,73
58,PUBSUB,1745555684937,1745555685111,174
348,PUBSUB,1745555684998,1745555685111,113
931,PUBSUB,1745555685074,1745555685111,37
227,PUBSUB,1745555684981,1745555685111,130
882,PUBSUB,1745555685068,1745555685111,43
991,PUBSUB,1745555685081,1745555685111,30
312,PUBSUB,1745555684993,1745555685111,118
607,PUBSUB,1745555685033,1745555685111,78
510,PUBSUB,1745555685019,1745555685112,93
669,PUBSUB,1745555685041,1745555685112,71
989,PUBSUB,1745555685081,1745555685112,31
372,PUBSUB,1745555685001,1745555685112,111
223,PUBSUB,1745555684980,1745555685112,132
53,PUBSUB,1745555684935,1745555685112,177
628,PUBSUB,1745555685035,1745555685112,77
415,PUBSUB,1745555685006,1745555685112,106
464,PUBSUB,1745555685013,1745555685112,99
597,PUBSUB,1745555685031,1745555685112,81
152,PUBSUB,1745555684964,1745555685112,148
88,PUBSUB,1745555684946,1745555685113,167
278,PUBSUB,1745555684989,1745555685113,124
904,PUBSUB,1745555685071,1745555685113,42
913,PUBSUB,1745555685072,1745555685113,41
725,PUBSUB,1745555685048,1745555685113,65
196,PUBSUB,1745555684975,1745555685113,138
766,PUBSUB,1745555685053,1745555685113,60
116,PUBSUB,1745555684954,1745555685113,159
245,PUBSUB,1745555684984,1745555685113,129
838,PUBSUB,1745555685063,1745555685113,50
179,PUBSUB,1745555684971,1745555685113,142
362,PUBSUB,1745555685000,1745555685113,113
984,PUBSUB,1745555685080,1745555685114,34
857,PUBSUB,1745555685065,1745555685114,49
276,PUBSUB,1745555684988,1745555685114,126
349,PUBSUB,1745555684998,1745555685114,116
782,PUBSUB,1745555685055,1745555685114,59
896,PUBSUB,1745555685070,1745555685114,44
162,PUBSUB,1745555684966,1745555685114,148
41,PUBSUB,1745555684931,1745555685114,183
9,PUBSUB,1745555684916,1745555685115,199
172,PUBSUB,1745555684969,1745555685115,146
912,PUBSUB,1745555685072,1745555685115,43
650,PUBSUB,1745555685038,1745555685115,77
547,PUBSUB,1745555685024,1745555685115,91
900,PUBSUB,1745555685070,1745555685115,45
478,PUBSUB,1745555685015,1745555685115,100
73,PUBSUB,1745555684942,1745555685115,173
719,PUBSUB,1745555685047,1745555685115,68
768,PUBSUB,1745555685054,1745555685115,61
745,PUBSUB,1745555685051,1745555685116,65
270,PUBSUB,1745555684988,1745555685116,128
695,PUBSUB,1745555685044,1745555685116,72
65,PUBSUB,1745555684939,1745555685116,177
249,PUBSUB,1745555684985,1745555685116,131
400,PUBSUB,1745555685005,1745555685116,111
612,PUBSUB,1745555685033,1745555685116,83
688,PUBSUB,1745555685043,1745555685116,73
830,PUBSUB,1745555685062,1745555685116,54
240,PUBSUB,1745555684983,1745555685116,133
794,PUBSUB,1745555685057,1745555685116,59
846,PUBSUB,1745555685064,1745555685116,52
916,PUBSUB,1745555685072,1745555685116,44
471,PUBSUB,1745555685014,1745555685117,103
590,PUBSUB,1745555685030,1745555685117,87
281,PUBSUB,1745555684989,1745555685117,128
149,PUBSUB,1745555684963,1745555685117,154
261,PUBSUB,1745555684987,1745555685117,130
977,PUBSUB,1745555685080,1745555685117,37
329,PUBSUB,1745555684996,1745555685117,121
887,PUBSUB,1745555685069,1745555685117,48
395,PUBSUB,1745555685004,1745555685117,113
407,PUBSUB,1745555685005,1745555685118,113
862,PUBSUB,1745555685066,1745555685118,52
629,PUBSUB,1745555685035,1745555685118,83
536,PUBSUB,1745555685023,1745555685118,95
63,PUBSUB,1745555684938,1745555685118,180
504,PUBSUB,1745555685018,1745555685118,100
602,PUBSUB,1745555685032,1745555685118,86
619,PUBSUB,1745555685034,1745555685118,84
971,PUBSUB,1745555685079,1745555685118,39
129,PUBSUB,1745555684958,1745555685118,160
865,PUBSUB,1745555685066,1745555685119,53
401,PUBSUB,1745555685005,1745555685119,114
96,PUBSUB,1745555684949,1745555685119,170
642,PUBSUB,1745555685037,1745555685119,82
937,PUBSUB,1745555685075,1745555685119,44
112,PUBSUB,1745555684953,1745555685119,166
185,PUBSUB,1745555684972,1745555685119,147
615,PUBSUB,1745555685033,1745555685119,86
431,PUBSUB,1745555685008,1745555685119,111
134,PUBSUB,1745555684960,1745555685119,159
792,PUBSUB,1745555685057,1745555685119,62
330,PUBSUB,1745555684996,1745555685119,123
241,PUBSUB,1745555684984,1745555685120,136
559,PUBSUB,1745555685026,1745555685120,94
769,PUBSUB,1745555685054,1745555685120,66
157,PUBSUB,1745555684965,1745555685120,155
12,PUBSUB,1745555684917,1745555685120,203
517,PUBSUB,1745555685020,1745555685120,100
496,PUBSUB,1745555685017,1745555685120,103
263,PUBSUB,1745555684987,1745555685120,133
649,PUBSUB,1745555685038,1745555685120,82
932,PUBSUB,1745555685074,1745555685120,46
277,PUBSUB,1745555684989,1745555685120,131
16,PUBSUB,1745555684919,1745555685121,202
83,PUBSUB,1745555684945,1745555685121,176
491,PUBSUB,1745555685017,1745555685121,104
106,PUBSUB,1745555684952,1745555685121,169
938,PUBSUB,1745555685075,1745555685121,46
94,PUBSUB,1745555684948,1745555685121,173
834,PUBSUB,1745555685062,1745555685122,60
271,PUBSUB,1745555684988,1745555685122,134
255,PUBSUB,1745555684985,1745555685122,137
207,PUBSUB,1745555684977,1745555685122,145
798,PUBSUB,1745555685057,1745555685122,65
824,PUBSUB,1745555685061,1745555685122,61
706,PUBSUB,1745555685046,1745555685122,76
126,PUBSUB,1745555684957,1745555685122,165
412,PUBSUB,1745555685006,1745555685122,116
360,PUBSUB,1745555685000,1745555685122,122
801,PUBSUB,1745555685058,1745555685122,64
789,PUBSUB,1745555685056,1745555685123,67
742,PUBSUB,1745555685050,1745555685123,73
691,PUBSUB,1745555685044,1745555685123,79
962,PUBSUB,1745555685078,1745555685123,45
446,PUBSUB,1745555685010,1745555685123,113
229,PUBSUB,1745555684982,1745555685123,141
89,PUBSUB,1745555684946,1745555685123,177
975,PUBSUB,1745555685079,1745555685123,44
59,PUBSUB,1745555684937,1745555685123,186
807,PUBSUB,1745555685059,1745555685124,65
398,PUBSUB,1745555685004,1745555685124,120
260,PUBSUB,1745555684986,1745555685124,138
470,PUBSUB,1745555685014,1745555685124,110
107,PUBSUB,1745555684952,1745555685124,172
928,PUBSUB,1745555685074,1745555685124,50
380,PUBSUB,1745555685002,1745555685124,122
763,PUBSUB,1745555685053,1745555685124,71
870,PUBSUB,1745555685067,1745555685124,57
818,PUBSUB,1745555685060,1745555685124,64
238,PUBSUB,1745555684983,1745555685124,141
131,PUBSUB,1745555684959,1745555685124,165
322,PUBSUB,1745555684995,1745555685124,129
84,PUBSUB,1745555684945,1745555685125,180
502,PUBSUB,1745555685018,1745555685125,107
420,PUBSUB,1745555685007,1745555685125,118
259,PUBSUB,1745555684986,1745555685125,139
291,PUBSUB,1745555684990,1745555685125,135
27,PUBSUB,1745555684924,1745555685125,201
856,PUBSUB,1745555685065,1745555685125,60
966,PUBSUB,1745555685078,1745555685126,48
226,PUBSUB,1745555684981,1745555685126,145
867,PUBSUB,1745555685066,1745555685126,60
132,PUBSUB,1745555684959,1745555685126,167
690,PUBSUB,1745555685043,1745555685126,83
751,PUBSUB,1745555685051,1745555685126,75
811,PUBSUB,1745555685059,1745555685126,67
538,PUBSUB,1745555685023,1745555685126,103
519,PUBSUB,1745555685020,1745555685126,106
599,PUBSUB,1745555685031,1745555685127,96
302,PUBSUB,1745555684992,1745555685127,135
396,PUBSUB,1745555685004,1745555685127,123
128,PUBSUB,1745555684958,1745555685127,169
98,PUBSUB,1745555684949,1745555685127,178
345,PUBSUB,1745555684998,1745555685127,129
637,PUBSUB,1745555685036,1745555685127,91
209,PUBSUB,1745555684978,1745555685127,149
954,PUBSUB,1745555685077,1745555685128,51
256,PUBSUB,1745555684985,1745555685128,143
603,PUBSUB,1745555685032,1745555685128,96
942,PUBSUB,1745555685075,1745555685128,53
685,PUBSUB,1745555685043,1745555685128,85
544,PUBSUB,1745555685024,1745555685128,104
923,PUBSUB,1745555685073,1745555685128,55
958,PUBSUB,1745555685077,1745555685128,51
390,PUBSUB,1745555685003,1745555685128,125
85,PUBSUB,1745555684945,1745555685128,183
529,PUBSUB,1745555685022,1745555685128,106
353,PUBSUB,1745555684999,1745555685129,130
434,PUBSUB,1745555685009,1745555685129,120
866,PUBSUB,1745555685066,1745555685129,63
992,PUBSUB,1745555685081,1745555685129,48
890,PUBSUB,1745555685069,1745555685129,60
461,PUBSUB,1745555685013,1745555685129,116
378,PUBSUB,1745555685002,1745555685129,127
76,PUBSUB,1745555684943,1745555685129,186
114,PUBSUB,1745555684954,1745555685129,175
265,PUBSUB,1745555684987,1745555685129,142
653,PUBSUB,1745555685039,1745555685129,90
120,PUBSUB,1745555684956,1745555685129,173
332,PUBSUB,1745555684996,1745555685129,133
386,PUBSUB,1745555685003,1745555685129,126
621,PUBSUB,1745555685034,1745555685130,96
222,PUBSUB,1745555684980,1745555685130,150
549,PUBSUB,1745555685024,1745555685130,106
825,PUBSUB,1745555685061,1745555685130,69
929,PUBSUB,1745555685074,1745555685130,56
925,PUBSUB,1745555685073,1745555685130,57
136,PUBSUB,1745555684960,1745555685130,170
852,PUBSUB,1745555685064,1745555685130,66
951,PUBSUB,1745555685076,1745555685130,54
385,PUBSUB,1745555685003,1745555685130,127
187,PUBSUB,1745555684972,1745555685131,159
952,PUBSUB,1745555685076,1745555685131,55
392,PUBSUB,1745555685004,1745555685131,127
296,PUBSUB,1745555684991,1745555685131,140
156,PUBSUB,1745555684964,1745555685131,167
841,PUBSUB,1745555685063,1745555685131,68
910,PUBSUB,1745555685071,1745555685131,60
693,PUBSUB,1745555685044,1745555685132,88
973,PUBSUB,1745555685079,1745555685132,53
26,PUBSUB,1745555684924,1745555685132,208
167,PUBSUB,1745555684967,1745555685132,165
433,PUBSUB,1745555685009,1745555685132,123
418,PUBSUB,1745555685007,1745555685132,125
899,PUBSUB,1745555685070,1745555685132,62
822,PUBSUB,1745555685060,1745555685132,72
987,PUBSUB,1745555685081,1745555685132,51
405,PUBSUB,1745555685005,1745555685132,127
441,PUBSUB,1745555685010,1745555685133,123
481,PUBSUB,1745555685015,1745555685133,118
310,PUBSUB,1745555684992,1745555685133,141
563,PUBSUB,1745555685026,1745555685133,107
847,PUBSUB,1745555685064,1745555685133,69
961,PUBSUB,1745555685078,1745555685133,55
709,PUBSUB,1745555685046,1745555685133,87
317,PUBSUB,1745555684994,1745555685133,139
753,PUBSUB,1745555685052,1745555685133,81
652,PUBSUB,1745555685038,1745555685133,95
903,PUBSUB,1745555685071,1745555685134,63
344,PUBSUB,1745555684998,1745555685134,136
873,PUBSUB,1745555685067,1745555685134,67
525,PUBSUB,1745555685021,1745555685134,113
583,PUBSUB,1745555685029,1745555685134,105
908,PUBSUB,1745555685071,1745555685134,63
272,PUBSUB,1745555684988,1745555685134,146
373,PUBSUB,1745555685001,1745555685134,133
93,PUBSUB,1745555684948,1745555685135,187
86,PUBSUB,1745555684946,1745555685135,189
38,PUBSUB,1745555684929,1745555685135,206
4,PUBSUB,1745555684913,1745555685135,222
625,PUBSUB,1745555685035,1745555685135,100
730,PUBSUB,1745555685049,1745555685135,86
981,PUBSUB,1745555685080,1745555685135,55
408,PUBSUB,1745555685006,1745555685135,129
530,PUBSUB,1745555685022,1745555685135,113
839,PUBSUB,1745555685063,1745555685135,72
472,PUBSUB,1745555685014,1745555685135,121
656,PUBSUB,1745555685039,1745555685136,97
269,PUBSUB,1745555684988,1745555685136,148
784,PUBSUB,1745555685055,1745555685136,81
25,PUBSUB,1745555684924,1745555685136,212
377,PUBSUB,1745555685002,1745555685136,134
964,PUBSUB,1745555685078,1745555685136,58
200,PUBSUB,1745555684976,1745555685136,160
122,PUBSUB,1745555684956,1745555685136,180
309,PUBSUB,1745555684992,1745555685136,144
368,PUBSUB,1745555685001,1745555685136,135
237,PUBSUB,1745555684983,1745555685136,153
8,PUBSUB,1745555684915,1745555685136,221
570,PUBSUB,1745555685027,1745555685137,110
836,PUBSUB,1745555685062,1745555685137,75
955,PUBSUB,1745555685077,1745555685137,60
660,PUBSUB,1745555685039,1745555685137,98
253,PUBSUB,1745555684985,1745555685137,152
103,PUBSUB,1745555684951,1745555685137,186
388,PUBSUB,1745555685003,1745555685137,134
901,PUBSUB,1745555685070,1745555685137,67
876,PUBSUB,1745555685067,1745555685137,70
487,PUBSUB,1745555685016,1745555685137,121
944,PUBSUB,1745555685075,1745555685137,62
880,PUBSUB,1745555685068,1745555685137,69
306,PUBSUB,1745555684992,1745555685137,145
577,PUBSUB,1745555685028,1745555685138,110
781,PUBSUB,1745555685055,1745555685138,83
186,PUBSUB,1745555684972,1745555685138,166
243,PUBSUB,1745555684984,1745555685138,154
43,PUBSUB,1745555684932,1745555685138,206
6,PUBSUB,1745555684914,1745555685138,224
486,PUBSUB,1745555685016,1745555685138,122
495,PUBSUB,1745555685017,1745555685138,121
515,PUBSUB,1745555685020,1745555685139,119
414,PUBSUB,1745555685006,1745555685139,133
54,PUBSUB,1745555684936,1745555685139,203
940,PUBSUB,1745555685075,1745555685139,64
24,PUBSUB,1745555684923,1745555685139,216
596,PUBSUB,1745555685031,1745555685139,108
358,PUBSUB,1745555684999,1745555685139,140
732,PUBSUB,1745555685049,1745555685139,90
254,PUBSUB,1745555684985,1745555685139,154
473,PUBSUB,1745555685014,1745555685139,125
560,PUBSUB,1745555685026,1745555685140,114
298,PUBSUB,1745555684991,1745555685140,149
286,PUBSUB,1745555684990,1745555685140,150
761,PUBSUB,1745555685053,1745555685140,87
734,PUBSUB,1745555685049,1745555685140,91
475,PUBSUB,1745555685014,1745555685140,126
623,PUBSUB,1745555685034,1745555685140,106
127,PUBSUB,1745555684958,1745555685140,182
145,PUBSUB,1745555684962,1745555685140,178
1000,PUBSUB,1745555685083,1745555685140,57
875,PUBSUB,1745555685067,1745555685141,74
154,PUBSUB,1745555684964,1745555685141,177
863,PUBSUB,1745555685066,1745555685141,75
79,PUBSUB,1745555684944,1745555685141,197
906,PUBSUB,1745555685071,1745555685141,70
537,PUBSUB,1745555685023,1745555685141,118
92,PUBSUB,1745555684947,1745555685141,194
898,PUBSUB,1745555685070,1745555685141,71
32,PUBSUB,1745555684927,1745555685141,214
592,PUBSUB,1745555685030,1745555685141,111
543,PUBSUB,1745555685024,1745555685141,117
710,PUBSUB,1745555685046,1745555685141,95
778,PUBSUB,1745555685055,1745555685142,87
926,PUBSUB,1745555685073,1745555685142,69
78,PUBSUB,1745555684943,1745555685142,199
829,PUBSUB,1745555685061,1745555685142,81
55,PUBSUB,1745555684936,1745555685142,206
494,PUBSUB,1745555685017,1745555685142,125
915,PUBSUB,1745555685072,1745555685142,70
165,PUBSUB,1745555684967,1745555685142,175
374,PUBSUB,1745555685001,1745555685143,142
266,PUBSUB,1745555684987,1745555685143,156
802,PUBSUB,1745555685058,1745555685143,85
817,PUBSUB,1745555685060,1745555685143,83
34,PUBSUB,1745555684928,1745555685143,215
891,PUBSUB,1745555685069,1745555685143,74
797,PUBSUB,1745555685057,1745555685143,86
436,PUBSUB,1745555685009,1745555685143,134
558,PUBSUB,1745555685026,1745555685143,117
723,PUBSUB,1745555685048,1745555685143,95
454,PUBSUB,1745555685011,1745555685143,132
608,PUBSUB,1745555685033,1745555685143,110
113,PUBSUB,1745555684954,1745555685143,189
979,PUBSUB,1745555685080,1745555685144,64
284,PUBSUB,1745555684989,1745555685144,155
668,PUBSUB,1745555685040,1745555685144,104
313,PUBSUB,1745555684993,1745555685144,151
711,PUBSUB,1745555685047,1745555685144,97
648,PUBSUB,1745555685038,1745555685144,106
681,PUBSUB,1745555685042,1745555685144,102
479,PUBSUB,1745555685015,1745555685144,129
217,PUBSUB,1745555684979,1745555685144,165
484,PUBSUB,1745555685016,1745555685144,128
208,PUBSUB,1745555684978,1745555685144,166
339,PUBSUB,1745555684997,1745555685144,147
566,PUBSUB,1745555685027,1745555685144,117
561,PUBSUB,1745555685026,1745555685144,118
662,PUBSUB,1745555685040,1745555685144,104
140,PUBSUB,1745555684961,1745555685144,183
969,PUBSUB,1745555685079,1745555685145,66
462,PUBSUB,1745555685013,1745555685145,132
337,PUBSUB,1745555684997,1745555685145,148
315,PUBSUB,1745555684993,1745555685145,152
174,PUBSUB,1745555684969,1745555685145,176
803,PUBSUB,1745555685058,1745555685145,87
191,PUBSUB,1745555684973,1745555685145,172
790,PUBSUB,1745555685056,1745555685145,89
755,PUBSUB,1745555685052,1745555685145,93
308,PUBSUB,1745555684992,1745555685145,153
814,PUBSUB,1745555685059,1745555685145,86
767,PUBSUB,1745555685053,1745555685145,92
522,PUBSUB,1745555685021,1745555685145,124
512,PUBSUB,1745555685019,1745555685145,126
199,PUBSUB,1745555684975,1745555685145,170
943,PUBSUB,1745555685075,1745555685146,71
391,PUBSUB,1745555685004,1745555685146,142
33,PUBSUB,1745555684927,1745555685146,219
921,PUBSUB,1745555685073,1745555685146,73
996,PUBSUB,1745555685082,1745555685146,64
170,PUBSUB,1745555684968,1745555685146,178
729,PUBSUB,1745555685049,1745555685146,97
609,PUBSUB,1745555685033,1745555685146,113
737,PUBSUB,1745555685050,1745555685146,96
665,PUBSUB,1745555685040,1745555685146,106
178,PUBSUB,1745555684970,1745555685146,176
555,PUBSUB,1745555685025,1745555685147,122
467,PUBSUB,1745555685013,1745555685147,134
718,PUBSUB,1745555685047,1745555685147,100
319,PUBSUB,1745555684994,1745555685147,153
760,PUBSUB,1745555685053,1745555685147,94
424,PUBSUB,1745555685008,1745555685147,139
450,PUBSUB,1745555685011,1745555685147,136
556,PUBSUB,1745555685025,1745555685147,122
493,PUBSUB,1745555685017,1745555685147,130
667,PUBSUB,1745555685040,1745555685148,108
347,PUBSUB,1745555684998,1745555685148,150
557,PUBSUB,1745555685025,1745555685148,123
773,PUBSUB,1745555685054,1745555685148,94
684,PUBSUB,1745555685043,1745555685148,105
458,PUBSUB,1745555685012,1745555685148,136
575,PUBSUB,1745555685028,1745555685148,120
832,PUBSUB,1745555685062,1745555685148,86
250,PUBSUB,1745555684985,1745555685148,163
578,PUBSUB,1745555685028,1745555685148,120
721,PUBSUB,1745555685048,1745555685148,100
28,PUBSUB,1745555684925,1745555685148,223
365,PUBSUB,1745555685000,1745555685149,149
795,PUBSUB,1745555685057,1745555685149,92
338,PUBSUB,1745555684997,1745555685149,152
231,PUBSUB,1745555684982,1745555685149,167
147,PUBSUB,1745555684963,1745555685149,186
855,PUBSUB,1745555685065,1745555685149,84
264,PUBSUB,1745555684987,1745555685149,162
379,PUBSUB,1745555685002,1745555685149,147
304,PUBSUB,1745555684992,1745555685149,157
350,PUBSUB,1745555684998,1745555685149,151
143,PUBSUB,1745555684962,1745555685149,187
927,PUBSUB,1745555685073,1745555685149,76
520,PUBSUB,1745555685021,1745555685150,129
102,PUBSUB,1745555684950,1745555685150,200
854,PUBSUB,1745555685065,1745555685150,85
840,PUBSUB,1745555685063,1745555685150,87
449,PUBSUB,1745555685011,1745555685150,139
474,PUBSUB,1745555685014,1745555685150,136
582,PUBSUB,1745555685029,1745555685150,121
393,PUBSUB,1745555685004,1745555685150,146
837,PUBSUB,1745555685063,1745555685150,87
748,PUBSUB,1745555685051,1745555685150,99
500,PUBSUB,1745555685018,1745555685150,132
750,PUBSUB,1745555685051,1745555685150,99
675,PUBSUB,1745555685042,1745555685150,108
161,PUBSUB,1745555684966,1745555685151,185
701,PUBSUB,1745555685045,1745555685151,106
826,PUBSUB,1745555685061,1745555685151,90
437,PUBSUB,1745555685009,1745555685151,142
246,PUBSUB,1745555684984,1745555685151,167
13,PUBSUB,1745555684918,1745555685151,233
788,PUBSUB,1745555685056,1745555685151,95
356,PUBSUB,1745555684999,1745555685151,152
793,PUBSUB,1745555685057,1745555685151,94
800,PUBSUB,1745555685057,1745555685151,94
35,PUBSUB,1745555684928,1745555685152,224
895,PUBSUB,1745555685070,1745555685152,82
960,PUBSUB,1745555685077,1745555685152,75
970,PUBSUB,1745555685079,1745555685152,73
459,PUBSUB,1745555685012,1745555685152,140
902,PUBSUB,1745555685070,1745555685152,82
819,PUBSUB,1745555685060,1745555685152,92
689,PUBSUB,1745555685043,1745555685152,109
714,PUBSUB,1745555685047,1745555685153,106
967,PUBSUB,1745555685078,1745555685153,75
707,PUBSUB,1745555685046,1745555685153,107
397,PUBSUB,1745555685004,1745555685153,149
791,PUBSUB,1745555685056,1745555685153,97
809,PUBSUB,1745555685059,1745555685153,94
176,PUBSUB,1745555684970,1745555685153,183
394,PUBSUB,1745555685004,1745555685153,149
683,PUBSUB,1745555685043,1745555685153,110
275,PUBSUB,1745555684988,1745555685153,165
686,PUBSUB,1745555685043,1745555685156,113
413,PUBSUB,1745555685006,1745555685156,150
744,PUBSUB,1745555685051,1745555685156,105
426,PUBSUB,1745555685008,1745555685156,148
990,PUBSUB,1745555685081,1745555685156,75
550,PUBSUB,1745555685024,1745555685156,132
884,PUBSUB,1745555685068,1745555685156,88
562,PUBSUB,1745555685026,1745555685156,130
236,PUBSUB,1745555684983,1745555685156,173
786,PUBSUB,1745555685056,1745555685156,100
810,PUBSUB,1745555685059,1745555685156,97
361,PUBSUB,1745555685000,1745555685157,157
341,PUBSUB,1745555684997,1745555685157,160
314,PUBSUB,1745555684993,1745555685157,164
80,PUBSUB,1745555684944,1745555685157,213
740,PUBSUB,1745555685050,1745555685157,107
97,PUBSUB,1745555684949,1745555685157,208
125,PUBSUB,1745555684957,1745555685157,200
919,PUBSUB,1745555685072,1745555685157,85
738,PUBSUB,1745555685050,1745555685157,107
640,PUBSUB,1745555685037,1745555685157,120
589,PUBSUB,1745555685030,1745555685157,127
946,PUBSUB,1745555685076,1745555685157,81
77,PUBSUB,1745555684943,1745555685157,214
842,PUBSUB,1745555685063,1745555685157,94
595,PUBSUB,1745555685031,1745555685158,127
351,PUBSUB,1745555684998,1745555685158,160
779,PUBSUB,1745555685055,1745555685158,103
591,PUBSUB,1745555685030,1745555685158,128
409,PUBSUB,1745555685006,1745555685158,152
64,PUBSUB,1745555684939,1745555685158,219
22,PUBSUB,1745555684922,1745555685158,236
636,PUBSUB,1745555685036,1745555685158,122
218,PUBSUB,1745555684979,1745555685158,179
69,PUBSUB,1745555684941,1745555685158,217
382,PUBSUB,1745555685002,1745555685158,156
23,PUBSUB,1745555684923,1745555685158,235
671,PUBSUB,1745555685041,1745555685159,118
214,PUBSUB,1745555684979,1745555685159,180
488,PUBSUB,1745555685016,1745555685159,143
785,PUBSUB,1745555685056,1745555685159,103
219,PUBSUB,1745555684980,1745555685159,179
972,PUBSUB,1745555685079,1745555685159,80
389,PUBSUB,1745555685003,1745555685159,156
663,PUBSUB,1745555685040,1745555685159,119
703,PUBSUB,1745555685045,1745555685159,114
61,PUBSUB,1745555684938,1745555685160,222
206,PUBSUB,1745555684977,1745555685160,183
957,PUBSUB,1745555685077,1745555685160,83
105,PUBSUB,1745555684951,1745555685160,209
713,PUBSUB,1745555685047,1745555685160,113
66,PUBSUB,1745555684940,1745555685160,220
340,PUBSUB,1745555684997,1745555685160,163
247,PUBSUB,1745555684984,1745555685160,176
435,PUBSUB,1745555685009,1745555685160,151
75,PUBSUB,1745555684943,1745555685160,217
759,PUBSUB,1745555685052,1745555685160,108
376,PUBSUB,1745555685002,1745555685160,158
144,PUBSUB,1745555684962,1745555685160,198
716,PUBSUB,1745555685047,1745555685161,114
21,PUBSUB,1745555684922,1745555685161,239
635,PUBSUB,1745555685036,1745555685161,125
70,PUBSUB,1745555684941,1745555685161,220
717,PUBSUB,1745555685047,1745555685161,114
506,PUBSUB,1745555685019,1745555685161,142
181,PUBSUB,1745555684971,1745555685162,191
399,PUBSUB,1745555685004,1745555685162,158
677,PUBSUB,1745555685042,1745555685162,120
715,PUBSUB,1745555685047,1745555685162,115
118,PUBSUB,1745555684955,1745555685162,207
375,PUBSUB,1745555685002,1745555685162,160
90,PUBSUB,1745555684947,1745555685162,215
82,PUBSUB,1745555684945,1745555685162,217
175,PUBSUB,1745555684970,1745555685162,192
477,PUBSUB,1745555685015,1745555685162,147
235,PUBSUB,1745555684982,1745555685162,180
224,PUBSUB,1745555684981,1745555685162,181
442,PUBSUB,1745555685010,1745555685162,152
215,PUBSUB,1745555684979,1745555685162,183
914,PUBSUB,1745555685072,1745555685162,90
639,PUBSUB,1745555685037,1745555685162,125
632,PUBSUB,1745555685036,1745555685162,126
417,PUBSUB,1745555685007,1745555685162,155
497,PUBSUB,1745555685017,1745555685162,145
777,PUBSUB,1745555685055,1745555685162,107
874,PUBSUB,1745555685067,1745555685163,96
501,PUBSUB,1745555685018,1745555685163,145
99,PUBSUB,1745555684949,1745555685163,214
624,PUBSUB,1745555685035,1745555685163,128
526,PUBSUB,1745555685021,1745555685163,142
402,PUBSUB,1745555685005,1745555685163,158
941,PUBSUB,1745555685075,1745555685163,88
616,PUBSUB,1745555685034,1745555685164,130
724,PUBSUB,1745555685048,1745555685164,116
411,PUBSUB,1745555685006,1745555685164,158
654,PUBSUB,1745555685039,1745555685164,125
772,PUBSUB,1745555685054,1745555685164,110
456,PUBSUB,1745555685011,1745555685164,153
736,PUBSUB,1745555685050,1745555685164,114
3,PUBSUB,1745555684912,1745555685164,252
731,PUBSUB,1745555685049,1745555685164,115
775,PUBSUB,1745555685054,1745555685164,110
56,PUBSUB,1745555684936,1745555685165,229
545,PUBSUB,1745555685024,1745555685165,141
633,PUBSUB,1745555685036,1745555685165,129
49,PUBSUB,1745555684934,1745555685165,231
743,PUBSUB,1745555685051,1745555685165,114
580,PUBSUB,1745555685029,1745555685165,136
924,PUBSUB,1745555685073,1745555685165,92
518,PUBSUB,1745555685020,1745555685165,145
666,PUBSUB,1745555685040,1745555685165,125
146,PUBSUB,1745555684962,1745555685165,203
554,PUBSUB,1745555685025,1745555685165,140
911,PUBSUB,1745555685071,1745555685166,95
239,PUBSUB,1745555684983,1745555685166,183
670,PUBSUB,1745555685041,1745555685166,125
864,PUBSUB,1745555685066,1745555685166,100
509,PUBSUB,1745555685019,1745555685166,147
205,PUBSUB,1745555684977,1745555685166,189
523,PUBSUB,1745555685021,1745555685166,145
889,PUBSUB,1745555685069,1745555685166,97
610,PUBSUB,1745555685033,1745555685166,133
678,PUBSUB,1745555685042,1745555685166,124
432,PUBSUB,1745555685009,1745555685166,157
30,PUBSUB,1745555684926,1745555685167,241
553,PUBSUB,1745555685025,1745555685167,142
142,PUBSUB,1745555684962,1745555685167,205
815,PUBSUB,1745555685060,1745555685167,107
546,PUBSUB,1745555685024,1745555685167,143
210,PUBSUB,1745555684978,1745555685167,189
443,PUBSUB,1745555685010,1745555685167,157
194,PUBSUB,1745555684974,1745555685167,193
594,PUBSUB,1745555685030,1745555685167,137
535,PUBSUB,1745555685023,1745555685167,144
532,PUBSUB,1745555685022,1745555685167,145
905,PUBSUB,1745555685071,1745555685167,96
457,PUBSUB,1745555685012,1745555685168,156
151,PUBSUB,1745555684963,1745555685168,205
680,PUBSUB,1745555685042,1745555685168,126
754,PUBSUB,1745555685052,1745555685168,116
843,PUBSUB,1745555685063,1745555685168,105
492,PUBSUB,1745555685017,1745555685168,151
528,PUBSUB,1745555685022,1745555685168,146
447,PUBSUB,1745555685010,1745555685168,158
429,PUBSUB,1745555685008,1745555685168,160
465,PUBSUB,1745555685013,1745555685169,156
416,PUBSUB,1745555685006,1745555685169,163
334,PUBSUB,1745555684996,1745555685169,173
419,PUBSUB,1745555685007,1745555685169,162
155,PUBSUB,1745555684964,1745555685169,205
115,PUBSUB,1745555684954,1745555685169,215
316,PUBSUB,1745555684993,1745555685169,176
305,PUBSUB,1745555684992,1745555685169,177
727,PUBSUB,1745555685049,1745555685169,120
327,PUBSUB,1745555684995,1745555685169,174
359,PUBSUB,1745555685000,1745555685170,170
299,PUBSUB,1745555684991,1745555685170,179
722,PUBSUB,1745555685048,1745555685170,122
513,PUBSUB,1745555685020,1745555685170,150
139,PUBSUB,1745555684961,1745555685170,209
301,PUBSUB,1745555684991,1745555685170,179
949,PUBSUB,1745555685076,1745555685170,94
357,PUBSUB,1745555684999,1745555685170,171
15,PUBSUB,1745555684919,1745555685170,251
697,PUBSUB,1745555685044,1745555685170,126
764,PUBSUB,1745555685053,1745555685170,117
190,PUBSUB,1745555684972,1745555685171,199
46,PUBSUB,1745555684933,1745555685171,238
712,PUBSUB,1745555685047,1745555685171,124
698,PUBSUB,1745555685045,1745555685171,126
123,PUBSUB,1745555684957,1745555685171,214
188,PUBSUB,1745555684972,1745555685171,199
387,PUBSUB,1745555685003,1745555685171,168
959,PUBSUB,1745555685077,1745555685171,94
177,PUBSUB,1745555684970,1745555685171,201
673,PUBSUB,1745555685041,1745555685172,131
604,PUBSUB,1745555685032,1745555685172,140
947,PUBSUB,1745555685076,1745555685172,96
872,PUBSUB,1745555685067,1745555685172,105
371,PUBSUB,1745555685001,1745555685172,171
234,PUBSUB,1745555684982,1745555685172,190
158,PUBSUB,1745555684965,1745555685172,207
292,PUBSUB,1745555684990,1745555685172,182
909,PUBSUB,1745555685071,1745555685172,101
679,PUBSUB,1745555685042,1745555685172,130
39,PUBSUB,1745555684930,1745555685173,243
192,PUBSUB,1745555684973,1745555685173,200
739,PUBSUB,1745555685050,1745555685173,123
109,PUBSUB,1745555684953,1745555685173,220
352,PUBSUB,1745555684999,1745555685173,174
945,PUBSUB,1745555685076,1745555685173,97
354,PUBSUB,1745555684999,1745555685173,174
585,PUBSUB,1745555685029,1745555685173,144
311,PUBSUB,1745555684993,1745555685173,180
171,PUBSUB,1745555684969,1745555685173,204
285,PUBSUB,1745555684989,1745555685173,184
564,PUBSUB,1745555685026,1745555685174,148
542,PUBSUB,1745555685023,1745555685174,151
849,PUBSUB,1745555685064,1745555685174,110
31,PUBSUB,1745555684926,1745555685174,248
883,PUBSUB,1745555685068,1745555685174,106
335,PUBSUB,1745555684996,1745555685174,178
225,PUBSUB,1745555684981,1745555685174,193
87,PUBSUB,1745555684946,1745555685174,228
762,PUBSUB,1745555685053,1745555685174,121
770,PUBSUB,1745555685054,1745555685174,120
774,PUBSUB,1745555685054,1745555685174,120
323,PUBSUB,1745555684995,1745555685174,179
622,PUBSUB,1745555685034,1745555685174,140
180,PUBSUB,1745555684971,1745555685174,203
573,PUBSUB,1745555685028,1745555685174,146
262,PUBSUB,1745555684987,1745555685175,188
579,PUBSUB,1745555685029,1745555685175,146
282,PUBSUB,1745555684989,1745555685175,186
886,PUBSUB,1745555685068,1745555685175,107
581,PUBSUB,1745555685029,1745555685175,146
466,PUBSUB,1745555685013,1745555685175,162
36,PUBSUB,1745555684929,1745555685175,246
796,PUBSUB,1745555685057,1745555685175,118
20,PUBSUB,1745555684921,1745555685175,254
201,PUBSUB,1745555684976,1745555685175,199
584,PUBSUB,1745555685029,1745555685176,147
850,PUBSUB,1745555685064,1745555685176,112
749,PUBSUB,1745555685051,1745555685176,125
279,PUBSUB,1745555684989,1745555685176,187
950,PUBSUB,1745555685076,1745555685176,100
508,PUBSUB,1745555685019,1745555685176,157
922,PUBSUB,1745555685073,1745555685176,103
568,PUBSUB,1745555685027,1745555685176,149
422,PUBSUB,1745555685007,1745555685176,169
168,PUBSUB,1745555684968,1745555685176,208
521,PUBSUB,1745555685021,1745555685176,155
137,PUBSUB,1745555684961,1745555685176,215
216,PUBSUB,1745555684979,1745555685176,197
804,PUBSUB,1745555685058,1745555685176,118
704,PUBSUB,1745555685045,1745555685176,131
267,PUBSUB,1745555684987,1745555685176,189
812,PUBSUB,1745555685059,1745555685177,118
220,PUBSUB,1745555684980,1745555685177,197
274,PUBSUB,1745555684988,1745555685177,189
507,PUBSUB,1745555685019,1745555685177,158
641,PUBSUB,1745555685037,1745555685177,140
410,PUBSUB,1745555685006,1745555685177,171
567,PUBSUB,1745555685027,1745555685178,151
593,PUBSUB,1745555685030,1745555685178,148
444,PUBSUB,1745555685010,1745555685178,168
539,PUBSUB,1745555685023,1745555685178,155
994,PUBSUB,1745555685082,1745555685178,96
104,PUBSUB,1745555684951,1745555685178,227
514,PUBSUB,1745555685020,1745555685178,158
47,PUBSUB,1745555684933,1745555685178,245
159,PUBSUB,1745555684965,1745555685178,213
74,PUBSUB,1745555684942,1745555685178,236
705,PUBSUB,1745555685046,1745555685179,133
138,PUBSUB,1745555684961,1745555685179,218
700,PUBSUB,1745555685045,1745555685179,134
318,PUBSUB,1745555684994,1745555685179,185
11,PUBSUB,1745555684917,1745555685179,262
780,PUBSUB,1745555685055,1745555685179,124
634,PUBSUB,1745555685036,1745555685179,143
499,PUBSUB,1745555685018,1745555685179,161
108,PUBSUB,1745555684952,1745555685179,227
153,PUBSUB,1745555684964,1745555685179,215
627,PUBSUB,1745555685035,1745555685179,144
885,PUBSUB,1745555685068,1745555685179,111
10,PUBSUB,1745555684916,1745555685180,264
917,PUBSUB,1745555685072,1745555685180,108
827,PUBSUB,1745555685061,1745555685180,119
300,PUBSUB,1745555684991,1745555685180,189
228,PUBSUB,1745555684981,1745555685180,199
283,PUBSUB,1745555684989,1745555685180,191
173,PUBSUB,1745555684969,1745555685180,211
212,PUBSUB,1745555684978,1745555685180,202
878,PUBSUB,1745555685068,1745555685181,113
611,PUBSUB,1745555685033,1745555685181,148
606,PUBSUB,1745555685032,1745555685181,149
771,PUBSUB,1745555685054,1745555685181,127
438,PUBSUB,1745555685009,1745555685181,172
871,PUBSUB,1745555685067,1745555685181,114
552,PUBSUB,1745555685025,1745555685181,156
869,PUBSUB,1745555685067,1745555685181,114
480,PUBSUB,1745555685015,1745555685181,166
364,PUBSUB,1745555685000,1745555685181,181
516,PUBSUB,1745555685020,1745555685181,161
72,PUBSUB,1745555684942,1745555685182,240
1,PUBSUB,1745555684907,1745555685182,275
858,PUBSUB,1745555685065,1745555685182,117
643,PUBSUB,1745555685037,1745555685182,145
756,PUBSUB,1745555685052,1745555685182,130
257,PUBSUB,1745555684986,1745555685182,196
490,PUBSUB,1745555685017,1745555685182,165
505,PUBSUB,1745555685018,1745555685182,164
879,PUBSUB,1745555685068,1745555685182,114
448,PUBSUB,1745555685010,1745555685182,172
821,PUBSUB,1745555685060,1745555685182,122
982,PUBSUB,1745555685080,1745555685182,102
980,PUBSUB,1745555685080,1745555685183,103
816,PUBSUB,1745555685060,1745555685183,123
645,PUBSUB,1745555685038,1745555685183,145
289,PUBSUB,1745555684990,1745555685183,193
51,PUBSUB,1745555684934,1745555685183,249
346,PUBSUB,1745555684998,1745555685183,185
918,PUBSUB,1745555685072,1745555685183,111
202,PUBSUB,1745555684976,1745555685183,207
692,PUBSUB,1745555685044,1745555685183,139
184,PUBSUB,1745555684971,1745555685183,212
859,PUBSUB,1745555685065,1745555685184,119
851,PUBSUB,1745555685064,1745555685184,120
232,PUBSUB,1745555684982,1745555685184,202
369,PUBSUB,1745555685001,1745555685184,183
18,PUBSUB,1745555684920,1745555685184,264
823,PUBSUB,1745555685061,1745555685184,123
726,PUBSUB,1745555685048,1745555685184,136
57,PUBSUB,1745555684937,1745555685184,247
661,PUBSUB,1745555685039,1745555685184,145
728,PUBSUB,1745555685049,1745555685185,136
601,PUBSUB,1745555685031,1745555685185,154
221,PUBSUB,1745555684980,1745555685185,205
833,PUBSUB,1745555685062,1745555685185,123
101,PUBSUB,1745555684950,1745555685185,235
295,PUBSUB,1745555684991,1745555685185,194
148,PUBSUB,1745555684963,1745555685185,222
813,PUBSUB,1745555685059,1745555685185,126
983,PUBSUB,1745555685080,1745555685185,105
993,PUBSUB,1745555685082,1745555685185,103
476,PUBSUB,1745555685015,1745555685185,170
204,PUBSUB,1745555684977,1745555685186,209
68,PUBSUB,1745555684941,1745555685186,245
806,PUBSUB,1745555685059,1745555685186,127
672,PUBSUB,1745555685041,1745555685186,145
565,PUBSUB,1745555685026,1745555685186,160
14,PUBSUB,1745555684918,1745555685186,268
242,PUBSUB,1745555684984,1745555685186,202
618,PUBSUB,1745555685034,1745555685187,153
440,PUBSUB,1745555685009,1745555685187,178
445,PUBSUB,1745555685010,1745555685187,177
965,PUBSUB,1745555685078,1745555685187,109
404,PUBSUB,1745555685005,1745555685187,182
363,PUBSUB,1745555685000,1745555685187,187
613,PUBSUB,1745555685033,1745555685187,154
166,PUBSUB,1745555684967,1745555685187,220
741,PUBSUB,1745555685050,1745555685187,137
953,PUBSUB,1745555685077,1745555685188,111
252,PUBSUB,1745555684985,1745555685188,203
934,PUBSUB,1745555685074,1745555685188,114
893,PUBSUB,1745555685069,1745555685188,119
280,PUBSUB,1745555684989,1745555685188,199
439,PUBSUB,1745555685009,1745555685188,179
52,PUBSUB,1745555684935,1745555685189,254
664,PUBSUB,1745555685040,1745555685189,149
258,PUBSUB,1745555684986,1745555685189,203
121,PUBSUB,1745555684956,1745555685189,233
421,PUBSUB,1745555685007,1745555685189,182
381,PUBSUB,1745555685002,1745555685189,187
894,PUBSUB,1745555685070,1745555685190,120
687,PUBSUB,1745555685043,1745555685190,147
831,PUBSUB,1745555685062,1745555685190,128
877,PUBSUB,1745555685068,1745555685190,122
355,PUBSUB,1745555684999,1745555685190,191
169,PUBSUB,1745555684968,1745555685190,222
62,PUBSUB,1745555684938,1745555685190,252
213,PUBSUB,1745555684979,1745555685190,211
195,PUBSUB,1745555684974,1745555685190,216
233,PUBSUB,1745555684982,1745555685190,208
427,PUBSUB,1745555685008,1745555685190,182
930,PUBSUB,1745555685074,1745555685191,117
44,PUBSUB,1745555684932,1745555685191,259
588,PUBSUB,1745555685030,1745555685191,161
527,PUBSUB,1745555685021,1745555685191,170
892,PUBSUB,1745555685069,1745555685301,232
336,PUBSUB,1745555684997,1745555685302,305
605,PUBSUB,1745555685032,1745555685302,270
333,PUBSUB,1745555684996,1745555685302,306
985,PUBSUB,1745555685081,1745555685302,221
533,PUBSUB,1745555685022,1745555685302,280
644,PUBSUB,1745555685037,1745555685302,265
881,PUBSUB,1745555685068,1745555685302,234
42,PUBSUB,1745555684931,1745555685302,371
468,PUBSUB,1745555685014,1745555685302,288
999,PUBSUB,1745555685082,1745555685302,220
326,PUBSUB,1745555684995,1745555685302,307
